codigo_limpio,ubicacion,cantidad,fecha
1030805815065,B6A,1,2026-08-07 12:17
4047891875504,E3D,1,2026-08-08 12:12
4059809046173,V1,10,2026-08-02 19:30
4059809046173,V2,5,2026-08-02 19:56
4059809046258,V1,4,2026-08-02 19:30
4059809046258,V2,4,2026-08-02 19:56
4059809046258,V3,1,2026-08-03 14:00
4059809047095,S2,1,2026-08-02 17:23
4059809047095,V1,11,2026-08-02 19:31
4059809047095,V2,2,2026-08-02 19:55
4059809047118,V1,5,2026-08-02 19:27
4059809047118,V2,1,2026-08-02 19:56
4059809047132,V1,2,2026-08-02 19:31
4059809047132,V2,4,2026-08-02 19:56
4059809047163,U2,1,2026-08-02 18:28
4059809047163,V1,2,2026-08-02 19:29
4059809047170,V1,3,2026-08-02 19:30
4059809047170,V2,13,2026-08-02 19:56
4059809047187,V1,7,2026-08-02 19:30
4059809047187,V2,4,2026-08-02 19:56
4059811985736,V2,6,2026-08-02 19:54
4059811988461,V2,6,2026-08-02 19:56
4059811988485,V2,2,2026-08-02 19:50
4059811988485,V3,3,2026-08-03 14:00
4059811988522,V2,3,2026-08-02 19:53
4059811988546,V3,1,2026-08-03 14:00
4059811988560,V2,9,2026-08-02 19:56
4059811988584,V2,7,2026-08-02 19:55
4059811988584,V3,1,2026-08-03 14:00
4059811988607,V2,10,2026-08-02 19:54
4059811988607,V3,1,2026-08-03 14:00
4059811988614,V1,1,2026-08-02 19:26
4059811988614,V2,7,2026-08-02 19:53
4060509397212,T5,8,2026-08-05 11:29
4060509397229,T4,1,2026-08-05 11:20
4060509397229,T5,2,2026-08-05 11:28
4060509397236,T4,2,2026-08-05 11:20
4060509397236,T5,2,2026-08-05 11:24
4060509397243,T5,1,2026-08-05 11:28
4060509397274,T4,2,2026-08-05 11:20
4060509397274,T5,5,2026-08-05 11:29
4060509397304,T5,6,2026-08-05 11:29
4060509397328,T4,2,2026-08-05 11:20
4060509397359,T5,4,2026-08-05 11:27
4060509397366,T4,3,2026-08-05 11:20
4060509397366,T5,1,2026-08-05 11:24
4060509397793,T4,1,2026-08-05 11:20
4060509397793,T5,2,2026-08-05 11:28
4060509397847,T4,3,2026-08-05 11:20
4060509397847,T5,2,2026-08-05 11:29
4060512030304,T4,1,2026-08-05 11:19
4060512030304,T5,2,2026-08-05 11:29
4060512030311,T5,5,2026-08-05 11:28
4060512030328,T4,1,2026-08-05 11:19
4060512030328,T5,3,2026-08-05 11:29
4060512030373,T5,4,2026-08-05 11:29
4062051411415,U1,2,2026-08-02 18:26
4062051411460,U1,4,2026-08-02 18:25
4062051411514,U1,3,2026-08-02 18:25
4062051411538,U1,2,2026-08-02 18:25
4062051411545,U1,1,2026-08-02 18:25
4062051411590,U1,1,2026-08-02 18:25
4062051419206,A4,1,2026-08-07 11:13
4062055561406,T5,1,2026-08-05 11:25
4062055565268,T5,2,2026-08-05 11:29
4062055565275,T5,2,2026-08-05 11:30
4062055565299,T5,2,2026-08-05 11:30
4062055565305,T5,2,2026-08-05 11:30
4064044045171,E4B,2,2026-08-08 12:40
4064053874335,S2,1,2026-08-02 17:23
4065418273459,T5,1,2026-08-05 11:24
4065418277174,T5,1,2026-08-05 11:28
4065418994453,U6,1,2026-08-02 19:12
4065418998079,U6,1,2026-08-02 19:12
4065418998109,U6,1,2026-08-02 19:12
4065418998123,U1,1,2026-08-02 18:26
4065418998178,U6,1,2026-08-02 19:12
4065419341119,T5,2,2026-08-05 11:29
4065419399318,T5,2,2026-08-05 11:28
4065419399356,T5,6,2026-08-05 11:27
4065419848847,T4,1,2026-08-05 11:20
4065419848847,T5,3,2026-08-05 11:30
4065419852486,T5,1,2026-08-05 11:30
4065426233940,W3,2,2026-08-03 14:10
4065426233971,V6,1,2026-08-03 14:05
4065426234084,W3,3,2026-08-03 14:10
4065426872132,L5,1,2026-08-07 11:53
4065429171874,F3A,4,2026-08-09 18:25
4065429171911,F3A,3,2026-08-09 18:11
4065429171935,F3A,1,2026-08-09 18:17
4065432940955,F3A,1,2026-08-09 18:34
4065432971706,F3A,2,2026-08-09 18:32
4066745007052,C2D,1,2026-08-07 13:09
4066745007052,C6C,2,2026-08-07 17:51
4066745007069,A6A,2,2026-08-07 12:04
4066745007069,C2D,2,2026-08-07 13:08
4066745008813,A6A,4,2026-08-07 12:04
4066745008813,C2D,2,2026-08-07 13:09
4066745008875,A6A,2,2026-08-07 12:04
4066745008875,C2D,2,2026-08-07 13:09
4066745325231,E4A,1,2026-08-08 12:27
4066746167755,T5,5,2026-08-05 11:28
4066746167762,T5,2,2026-08-05 11:30
4066746167779,T5,2,2026-08-05 11:30
4066746167786,T5,1,2026-08-05 11:30
4066746167809,T4,2,2026-08-05 11:21
4066746167809,T5,7,2026-08-05 11:30
4066746167816,T4,1,2026-08-05 11:21
4066746167816,T5,4,2026-08-05 11:30
4066746167878,T4,3,2026-08-05 11:20
4066746281819,G3A,2,2026-08-08 17:04
4066746285480,G3A,2,2026-08-08 17:06
4066746360057,F3A,1,2026-08-09 18:26
4066748230082,B4,2,2026-08-07 11:19
4066748230099,B4,1,2026-08-07 11:19
4066748230112,B4,2,2026-08-07 11:19
4066748241347,S2,1,2026-08-02 17:23
4066748257089,B4,1,2026-08-07 11:19
4066748257126,A5,1,2026-08-07 11:16
4066748260768,A5,1,2026-08-07 11:16
4066748489923,Q1,4,2026-08-03 14:43
4066748493579,Q1,3,2026-08-03 14:43
4066748532070,Q1,2,2026-08-03 14:43
4066748532094,Q1,1,2026-08-03 14:43
4066748546725,U2,2,2026-08-02 18:29
4066748546732,U2,2,2026-08-02 18:29
4066748546763,U2,3,2026-08-02 18:29
4066748546787,U2,1,2026-08-02 18:28
4066748546817,U2,2,2026-08-02 18:29
4066748550470,U2,2,2026-08-02 18:29
4066748550487,U2,2,2026-08-02 18:29
4066748634668,A2,1,2026-08-07 11:08
4066748638307,A2,3,2026-08-07 11:08
4066748638345,P1,1,2026-08-03 14:35
4066748638376,A2,1,2026-08-07 11:08
4066748649938,A1,1,2026-08-07 11:10
4066748650002,A1,1,2026-08-07 11:10
4066748650019,A2,1,2026-08-07 11:08
4066748653645,A1,1,2026-08-07 11:10
4066748653645,A2,1,2026-08-07 11:08
4066748655779,D1,2,2026-08-07 11:24
4066748659463,D1,1,2026-08-07 11:24
4066748659470,D1,2,2026-08-07 11:24
4066748659494,D1,1,2026-08-07 11:24
4066748659500,A3,1,2026-08-07 11:12
4066748659524,D1,1,2026-08-07 11:24
4066748659524,D4,1,2026-08-07 11:26
4066748954407,U2,1,2026-08-02 18:28
4066748954476,U5,1,2026-08-02 19:08
4066749534509,T5,6,2026-08-05 11:30
4066749534509,U6,1,2026-08-02 19:12
4066749534516,T4,3,2026-08-05 11:20
4066749534516,T5,2,2026-08-05 11:29
4066749534523,T5,1,2026-08-05 11:30
4066749534547,T5,3,2026-08-05 11:30
4066749534592,T5,2,2026-08-05 11:30
4066749534615,T5,2,2026-08-05 11:30
4066752422381,C3D,1,2026-08-07 14:08
4066752425931,F3A,1,2026-08-09 18:29
4066752426006,A6C,1,2026-08-07 12:10
4066752426006,C3D,1,2026-08-07 14:08
4066752426075,C3D,2,2026-08-07 14:08
4066752709420,G3A,1,2026-08-08 17:03
4066752749334,C5A,1,2026-08-07 16:25
4066754696919,E1,1,2026-08-07 11:29
4066754700531,A3,1,2026-08-07 11:12
4066754700548,E1,2,2026-08-07 11:29
4066754700555,E1,1,2026-08-07 11:29
4066754700555,J1,1,2026-08-07 11:41
4066754700562,E1,1,2026-08-07 11:29
4066754700562,J1,1,2026-08-07 11:41
4066754700647,K1,4,2026-08-07 11:44
4066754700654,I1,1,2026-08-07 11:38
4066754700654,K1,1,2026-08-07 11:44
4066754700678,I1,3,2026-08-07 11:38
4066754700722,I1,2,2026-08-07 11:38
4066754700722,K1,1,2026-08-07 11:44
4066754700739,K1,3,2026-08-07 11:44
4066754700753,I1,1,2026-08-07 11:38
4066754700753,K1,2,2026-08-07 11:44
4066754777656,B3,1,2026-08-07 11:18
4066754777670,B3,1,2026-08-07 11:18
4066754777687,B3,2,2026-08-07 11:18
4066754777694,B3,1,2026-08-07 11:18
4066754777700,B3,1,2026-08-07 11:18
4066754777779,B3,1,2026-08-07 11:18
4066754823773,B3,2,2026-08-07 11:18
4066754823797,B3,1,2026-08-07 11:18
4066754823827,B3,1,2026-08-07 11:18
4066754823858,B3,2,2026-08-07 11:18
4066754823865,B3,2,2026-08-07 11:18
4066754823872,B3,3,2026-08-07 11:18
4066755072439,M5,1,2026-08-07 11:54
4066755094776,M5,1,2026-08-07 11:54
4066755094820,M5,1,2026-08-07 11:54
4066755351831,M2,1,2026-08-07 11:54
4066755501397,P6,1,2026-08-03 14:42
4066755501410,V4,2,2026-08-03 14:04
4066755501427,A1,1,2026-08-07 11:10
4066756052744,X1,1,2026-08-03 14:21
4066756056445,X1,1,2026-08-03 14:21
4066756056469,X1,1,2026-08-03 14:21
4066756059477,B2,1,2026-08-07 11:17
4066756063085,B1,1,2026-08-07 11:17
4066756063108,B2,2,2026-08-07 11:18
4066756063115,B2,1,2026-08-07 11:18
4066756063122,B2,1,2026-08-07 11:17
4066756063146,B2,1,2026-08-07 11:17
4066756063146,Q6,1,2026-08-03 15:16
4066756063153,B2,1,2026-08-07 11:17
4066756063153,L3,1,2026-08-07 11:52
4066756078300,M5,1,2026-08-07 11:54
4066756078324,A4,1,2026-08-07 11:13
4066756078355,P3,1,2026-08-03 14:39
4066756100360,C1,1,2026-08-07 11:23
4066756100469,C1,1,2026-08-07 11:23
4066756100506,D1,1,2026-08-07 11:24
4066756100506,D2,1,2026-08-07 11:25
4066756103422,A3,1,2026-08-07 11:12
4066756103422,C1,1,2026-08-07 11:23
4066756103644,B1,1,2026-08-07 11:17
4066756103644,B2,1,2026-08-07 11:17
4066756103675,B1,1,2026-08-07 11:16
4066756103767,B1,1,2026-08-07 11:17
4066756103767,B2,1,2026-08-07 11:17
4066756118020,T3,1,2026-08-02 18:21
4066756169213,B4,1,2026-08-07 11:19
4066756169282,B4,1,2026-08-07 11:19
4066756172916,B4,1,2026-08-07 11:19
4066756172923,B4,1,2026-08-07 11:19
4066756206093,D5,1,2026-08-07 11:27
4066756483869,U6,3,2026-08-02 19:13
4066756483876,U6,2,2026-08-02 19:13
4066756489878,M5,1,2026-08-07 11:54
4066756489953,A5,1,2026-08-07 11:16
4066756522063,X2,1,2026-08-03 14:29
4066756525729,X3,1,2026-08-03 14:33
4066756525736,X3,1,2026-08-03 14:33
4066756525767,X3,1,2026-08-03 14:33
4066756576783,R2,1,2026-08-05 11:09
4066756602178,Q6,1,2026-08-03 15:16
4066756700652,D2,1,2026-08-07 11:25
4066756700669,D2,1,2026-08-07 11:25
4066756700744,D1,1,2026-08-07 11:24
4066756700744,D2,1,2026-08-07 11:25
4066757091612,A2,2,2026-08-07 11:08
4066757091612,B1,1,2026-08-07 11:17
4066757091636,A1,1,2026-08-07 11:10
4066757091698,A2,1,2026-08-07 11:08
4066757091711,A2,2,2026-08-07 11:08
4066757091735,A2,3,2026-08-07 11:08
4066757173516,A4,1,2026-08-07 11:13
4066757173554,A5,1,2026-08-07 11:16
4066757175770,A4,1,2026-08-07 11:13
4066757178313,I1,1,2026-08-07 11:38
4066757178313,J1,1,2026-08-07 11:40
4066757178337,I1,1,2026-08-07 11:38
4066757178344,I1,1,2026-08-07 11:38
4066757178368,I1,1,2026-08-07 11:38
4066757178368,J1,1,2026-08-07 11:40
4066757180323,G1,1,2026-08-07 11:35
4066757180323,J1,2,2026-08-07 11:40
4066757180347,J1,2,2026-08-07 11:42
4066757263842,C5B,2,2026-08-07 16:34
4066757263859,E3A,1,2026-08-08 11:50
4066757263897,C5B,1,2026-08-07 16:34
4066757406843,C6D,1,2026-08-07 18:05
4066757409790,C6D,1,2026-08-07 18:05
4066757830082,F3B,1,2026-08-10 11:52
4066757900167,F3C,1,2026-08-10 14:39
4066759014664,A1,1,2026-08-07 11:10
4066759018259,U6,1,2026-08-02 19:11
4066759018358,A1,1,2026-08-07 11:10
4066759018389,A1,1,2026-08-07 11:10
4066759018419,A1,1,2026-08-07 11:10
4066759018419,L5,1,2026-08-07 11:53
4066759041240,U5,2,2026-08-02 19:07
4066759041264,V3,1,2026-08-03 14:00
4066759041318,U5,1,2026-08-02 19:05
4066759044944,U1,1,2026-08-02 18:25
4066759044944,U5,1,2026-08-02 19:08
4066759044999,U5,1,2026-08-02 19:05
4066759045026,U5,1,2026-08-02 19:05
4066759045033,U5,2,2026-08-02 19:05
4066759174740,V3,3,2026-08-03 14:01
4066759174795,V3,1,2026-08-03 14:00
4066759447950,T5,3,2026-08-05 11:26
4066759447981,T4,1,2026-08-05 11:20
4066759447981,T5,1,2026-08-05 11:26
4066759448025,T4,3,2026-08-05 11:21
4066759448025,T5,1,2026-08-05 11:30
4066759448032,T4,1,2026-08-05 11:20
4066759448032,T5,1,2026-08-05 11:26
4066759562486,G3B,2,2026-08-08 17:25
4066759562530,G3B,2,2026-08-08 17:25
4066759619777,F3C,1,2026-08-10 14:39
4066759630567,K4B,1,2026-08-07 19:14
4066759634282,J3D,1,2026-08-08 15:26
4066759639126,F3B,1,2026-08-10 11:48
4066759639133,F3B,1,2026-08-10 11:48
4066759642898,F3B,1,2026-08-10 11:48
4066761051411,S6,1,2026-08-07 11:01
4066761270577,A2,1,2026-08-07 11:09
4066761294764,C4F,1,2026-08-07 14:39
4066761305071,X2,1,2026-08-03 14:28
4066761305101,W3,1,2026-08-03 14:10
4066761305118,X2,1,2026-08-03 14:28
4066761305125,X2,1,2026-08-03 14:28
4066761305156,X2,1,2026-08-03 14:29
4066761305163,V6,1,2026-08-03 14:05
4066761305163,X2,1,2026-08-03 14:29
4066761305187,X2,1,2026-08-03 14:28
4066762373680,D4,1,2026-08-07 11:26
4066762463084,Q6,1,2026-08-03 15:16
4066762564415,D4,1,2026-08-07 11:26
4066762564415,D5,1,2026-08-07 11:27
4066762588503,D4,1,2026-08-07 11:26
4066762588565,W3,1,2026-08-03 14:10
4066764360428,M5,1,2026-08-07 11:54
4066764360435,M5,1,2026-08-07 11:54
4066764360442,M5,1,2026-08-07 11:54
4066764360558,L5,1,2026-08-07 11:53
4066764360558,M5,1,2026-08-07 11:54
4066764916694,A5,1,2026-08-07 11:16
4066764917998,M5,1,2026-08-07 11:54
4066765029874,T5,1,2026-08-05 11:27
4066765029881,T5,1,2026-08-05 11:28
4066765202826,A3,1,2026-08-07 11:12
4066765202871,W2,1,2026-08-03 14:08
4066765202956,A1,1,2026-08-07 11:10
4066765206572,A1,1,2026-08-07 11:10
4066765206596,A3,1,2026-08-07 11:12
4066765206596,T2,1,2026-08-02 18:17
4066765206718,A3,1,2026-08-07 11:12
4066765214379,A2,1,2026-08-07 11:09
4066765214379,A3,1,2026-08-07 11:12
4066765214393,A1,1,2026-08-07 11:10
4066765214430,A1,1,2026-08-07 11:10
4066765214430,A4,1,2026-08-07 11:13
4066765256539,A2,1,2026-08-07 11:08
4066765256584,A3,1,2026-08-07 11:12
4066765263780,M5,1,2026-08-07 11:54
4066765279286,W6,1,2026-08-03 14:12
4066765283054,A5,1,2026-08-07 11:16
4066765340078,F1,3,2026-08-07 11:32
4066765340153,F1,2,2026-08-07 11:32
4066765340160,F1,2,2026-08-07 11:32
4066765416711,X2,1,2026-08-03 14:29
4066765416728,X2,2,2026-08-03 14:29
4066765416735,X2,3,2026-08-03 14:29
4066765416742,X2,1,2026-08-03 14:29
4066765416759,X2,1,2026-08-03 14:29
4066765416766,W5,1,2026-08-05 11:36
4066765416766,X2,1,2026-08-03 14:29
4066765416773,X2,2,2026-08-03 14:29
4066765416797,X2,1,2026-08-03 14:28
4066765420428,X2,1,2026-08-03 14:29
4066765511126,B5,1,2026-08-07 11:20
4066765514783,B2,1,2026-08-07 11:17
4066765514813,B3,1,2026-08-07 11:18
4066765514820,B5,1,2026-08-07 11:20
4066765514868,B5,1,2026-08-07 11:20
4066765863249,V3,1,2026-08-03 14:00
4066765863300,V3,1,2026-08-03 14:00
4066765874726,U6,1,2026-08-02 19:14
4066765874726,V3,3,2026-08-03 14:00
4066765874788,V3,3,2026-08-03 14:01
4066765874825,V3,7,2026-08-03 14:01
4066765874832,U1,1,2026-08-02 18:26
4066765874856,V3,3,2026-08-03 14:00
4066765882721,I2,1,2026-08-07 11:39
4066765882738,I2,1,2026-08-07 11:39
4066765882752,B2,1,2026-08-07 11:17
4066765882752,B5,1,2026-08-07 11:20
4066765902009,B2,1,2026-08-07 11:17
4067886001213,F3B,1,2026-08-10 11:51
4067886016743,C6B,1,2026-08-07 17:41
4067886059955,F3B,1,2026-08-10 11:51
4067886060005,F3B,1,2026-08-10 11:51
4067886695269,T3,1,2026-08-02 18:21
4067886699007,B5,1,2026-08-07 11:20
4067886699106,B5,1,2026-08-07 11:20
4067886702745,T2,1,2026-08-02 18:17
4067887018616,E3B,1,2026-08-08 11:57
4067887026468,G3B,2,2026-08-08 17:38
4067887026543,G3B,1,2026-08-08 17:38
4067887026581,G3B,1,2026-08-08 17:38
4067887052504,G3A,1,2026-08-08 17:18
4067887102001,G3A,1,2026-08-08 17:19
4067887102315,G3A,1,2026-08-08 17:19
4067887184205,F3B,1,2026-08-10 11:55
4067887184274,F3B,1,2026-08-10 11:55
4067887215565,F3B,1,2026-08-10 11:56
4067887302760,C5A,1,2026-08-07 16:28
4067887357425,G3A,1,2026-08-08 17:22
4067887357500,G3A,1,2026-08-08 17:21
4067887357623,G3A,1,2026-08-08 17:22
4067887403757,F4A,1,2026-08-10 14:53
4067887411134,G3A,2,2026-08-08 17:11
4067887414869,G3A,1,2026-08-08 17:11
4067887481922,E4A,1,2026-08-08 12:26
4067887481922,K4C,1,2026-08-07 19:22
4067887481960,K4C,1,2026-08-07 19:16
4067887542838,G3A,1,2026-08-08 17:16
4067887568364,C2A,1,2026-08-07 12:50
4067887568364,K4A,1,2026-08-07 19:07
4067887569255,C2A,1,2026-08-07 12:50
4067887569255,K3A,1,2026-08-07 19:04
4067887569279,K4E,1,2026-08-07 19:43
4067887569293,K4E,1,2026-08-07 19:43
4067887714228,PISO DE VENTAS,1,2026-08-08 17:14
4067887714266,PISO DE VENTAS,1,2026-08-08 17:14
4067887717953,PISO DE VENTAS,1,2026-08-08 17:15
4067887721868,PISO DE VENTAS,1,2026-08-08 17:14
4067888008296,R4,1,2026-08-05 11:13
4067888008302,T3,1,2026-08-02 18:21
4067888008319,S5,1,2026-08-02 17:59
4067888008340,R2,1,2026-08-05 11:10
4067888008340,S5,1,2026-08-02 18:00
4067888008371,S5,1,2026-08-02 17:59
4067888008531,Q4,1,2026-08-03 15:10
4067888008548,T3,1,2026-08-02 18:21
4067888008579,S6,1,2026-08-07 11:01
4067888008630,S6,1,2026-08-07 11:01
4067888012279,R1,1,2026-08-05 11:11
4067888023640,S6,1,2026-08-07 11:01
4067888023770,T2,1,2026-08-02 18:17
4067888023909,S2,1,2026-08-02 17:23
4067888108354,R4,1,2026-08-05 11:13
4067888108385,S4,1,2026-08-02 17:54
4067888112030,A5,1,2026-08-07 11:16
4067888116069,S5,1,2026-08-02 17:58
4067888116069,S6,1,2026-08-07 11:01
4067888116069,T3,1,2026-08-02 18:21
4067888214215,B2,1,2026-08-07 11:17
4067888243154,F3C,1,2026-08-10 14:43
4067888308136,U6,1,2026-08-02 19:14
4067888308150,U6,1,2026-08-02 19:13
4067888308167,U6,1,2026-08-02 19:13
4067888308242,U6,1,2026-08-02 19:14
4067888308273,U5,1,2026-08-02 19:04
4067888308273,U6,1,2026-08-02 19:14
4067888308280,U6,1,2026-08-02 19:13
4067888308310,U6,2,2026-08-02 19:15
4067888458480,S2,1,2026-08-02 17:23
4067888525298,U5,1,2026-08-02 19:04
4067888525304,U6,1,2026-08-02 19:15
4067888701692,U5,1,2026-08-02 19:07
4067888701715,U2,1,2026-08-02 18:28
4067888701777,U6,1,2026-08-02 19:12
4067888701883,U5,1,2026-08-02 19:07
4067888701913,U6,1,2026-08-02 19:11
4067888704952,A4,1,2026-08-07 11:13
4067888704976,A4,1,2026-08-07 11:13
4067888706734,U6,1,2026-08-02 19:15
4067888706765,U6,2,2026-08-02 19:15
4067888706826,U6,1,2026-08-02 19:15
4067888706833,U6,1,2026-08-02 19:15
4067888706864,U6,1,2026-08-02 19:11
4067888706888,U6,1,2026-08-02 19:15
4067888721188,R2,1,2026-08-05 11:09
4067888721225,S4,3,2026-08-02 17:55
4067888721249,S4,2,2026-08-02 17:55
4067888721256,S6,1,2026-08-07 11:01
4067888734812,Q6,1,2026-08-03 15:16
4067888856712,S2,1,2026-08-02 17:23
4067888921823,U6,2,2026-08-02 19:15
4067888922691,U5,1,2026-08-02 19:07
4067888922714,U6,1,2026-08-02 19:14
4067888922806,U6,1,2026-08-02 19:12
4067888922875,U6,1,2026-08-02 19:14
4067888922882,U6,1,2026-08-02 19:14
4067888922899,U6,1,2026-08-02 19:15
4067889003641,X2,1,2026-08-03 14:28
4067889003696,X2,1,2026-08-03 14:28
4067889007663,X2,2,2026-08-03 14:29
4067889007694,X2,2,2026-08-03 14:29
4067889011332,X2,1,2026-08-03 14:29
4067889011370,X2,1,2026-08-03 14:29
4067889015200,X2,2,2026-08-03 14:29
4067889015217,X2,1,2026-08-03 14:28
4067889015279,X1,1,2026-08-03 14:21
4067889015279,X2,1,2026-08-03 14:28
4067889015293,X2,2,2026-08-03 14:28
4067889015323,X2,1,2026-08-03 14:28
4067889034119,D4,1,2026-08-07 11:26
4067889037745,S5,1,2026-08-02 17:59
4067889037776,D4,1,2026-08-07 11:26
4067889077536,R1,2,2026-08-05 11:11
4067889080130,S2,1,2026-08-02 17:23
4067889081168,R1,2,2026-08-05 11:11
4067889081199,R1,3,2026-08-05 11:11
4067889081229,R1,1,2026-08-05 11:11
4067889081298,T3,1,2026-08-02 18:22
4067889083827,G1,1,2026-08-07 11:35
4067889095424,E1,1,2026-08-07 11:30
4067889095431,A2,1,2026-08-07 11:09
4067889095431,E1,1,2026-08-07 11:30
4067889095523,D4,1,2026-08-07 11:26
4067889095523,E1,1,2026-08-07 11:30
4067889096049,R1,1,2026-08-05 11:11
4067889098531,B2,1,2026-08-07 11:17
4067889098531,J1,3,2026-08-07 11:42
4067889098579,J1,2,2026-08-07 11:42
4067889098593,J1,1,2026-08-07 11:40
4067889098609,J1,2,2026-08-07 11:40
4067889098623,J1,1,2026-08-07 11:40
4067889099354,D1,2,2026-08-07 11:24
4067889099385,D4,1,2026-08-07 11:26
4067889103020,E1,1,2026-08-07 11:30
4067889130187,A5,1,2026-08-07 11:16
4067889148410,V6,1,2026-08-03 14:05
4067889148496,A1,1,2026-08-07 11:10
4067889172521,X2,1,2026-08-03 14:28
4067889172552,X2,2,2026-08-03 14:28
4067889172606,X2,2,2026-08-03 14:29
4067889200293,A6C,1,2026-08-07 12:10
4067889200965,A3,1,2026-08-07 11:12
4067889202020,W4,1,2026-08-03 14:11
4067889202044,W4,2,2026-08-03 14:11
4067889202051,W4,1,2026-08-03 14:11
4067889202853,W4,2,2026-08-03 14:11
4067889486130,V4,1,2026-08-03 14:04
4067889486208,V4,1,2026-08-03 14:04
4067889497549,V3,1,2026-08-03 14:00
4067889505459,M4,1,2026-08-07 11:54
4067889519708,R4,1,2026-08-05 11:13
4067889519739,R2,1,2026-08-05 11:09
4067889519760,R2,1,2026-08-05 11:09
4067889519777,R2,3,2026-08-05 11:09
4067889519784,R2,2,2026-08-05 11:09
4067889539089,R2,1,2026-08-05 11:09
4067889542720,R2,3,2026-08-05 11:09
4067889542775,R2,2,2026-08-05 11:09
4067889542799,R2,2,2026-08-05 11:09
4067889565187,G3D,1,2026-08-09 12:00
4067889565194,G3D,1,2026-08-09 12:01
4067889568911,C6A,1,2026-08-07 17:07
4067889568911,G3D,1,2026-08-09 12:00
4067889568928,G3D,1,2026-08-09 12:02
4067889568973,G3D,1,2026-08-09 12:02
4067889570679,B2,1,2026-08-07 11:17
4067889613345,A5,1,2026-08-07 11:16
4067889652382,R2,1,2026-08-05 11:10
4067889663821,X3,2,2026-08-03 14:33
4067889663852,X3,3,2026-08-03 14:33
4067889667508,V6,1,2026-08-03 14:05
4067889669434,S2,1,2026-08-02 17:23
4067889674971,R4,1,2026-08-05 11:13
4067889682273,B5,2,2026-08-07 11:20
4067889682297,G1,1,2026-08-07 11:35
4067889687964,L4,1,2026-08-07 11:53
4067889688077,L1,1,2026-08-07 11:52
4067889688619,A1,1,2026-08-07 11:10
4067889688626,A4,1,2026-08-07 11:13
4067889688633,L1,1,2026-08-07 11:52
4067889689159,A1,1,2026-08-07 11:10
4067889689159,X3,1,2026-08-03 14:33
4067889689180,L1,3,2026-08-07 11:52
4067889689180,S2,1,2026-08-02 17:23
4067889690797,L1,1,2026-08-07 11:51
4067889754185,U5,1,2026-08-02 19:08
4067889802923,K3A,1,2026-08-07 19:04
4067891042140,B6C,1,2026-08-07 12:32
4067891042140,K4C,2,2026-08-07 19:30
4067891045585,B6C,1,2026-08-07 12:32
4067891045660,B6B,1,2026-08-07 12:30
4067891045660,B6C,3,2026-08-07 12:32
4067891045684,B6C,2,2026-08-07 12:32
4067891078224,G3B,1,2026-08-08 17:32
4067891078231,G3B,1,2026-08-08 17:33
4067891115714,F4A,1,2026-08-10 14:53
4067891144875,F4B,3,2026-08-10 15:48
4067891148743,F4B,2,2026-08-10 15:46
4067891148750,F4B,1,2026-08-10 15:45
4067891148781,F4B,1,2026-08-10 15:47
4067891199882,F4C,1,2026-08-10 16:08
4067891211423,F4C,1,2026-08-10 15:51
4067891211447,F4C,2,2026-08-10 15:51
4067891211508,F4C,2,2026-08-10 15:51
4067891225994,F4B,1,2026-08-10 15:43
4067891281273,F4C,1,2026-08-10 15:59
4067891281310,F4C,1,2026-08-10 15:59
4067891592010,C4C,1,2026-08-07 14:27
4067891595783,C4C,1,2026-08-07 14:27
4067891595813,C4C,1,2026-08-07 14:27
4067891599460,C4E,1,2026-08-07 14:34
4067891788222,C3B,1,2026-08-07 13:40
4067891789342,C3B,2,2026-08-07 13:40
4067891871771,K5C,1,2026-08-08 11:27
4067891875236,E4A,1,2026-08-08 12:25
4067891887116,A6B,1,2026-08-07 12:06
4067891887185,A6B,1,2026-08-07 12:08
4067891887185,C6D,1,2026-08-07 18:00
4067891890819,C3B,1,2026-08-07 13:57
4067891890819,C6B,1,2026-08-07 17:41
4067891890819,C6D,1,2026-08-07 18:00
4067891890901,K3A,1,2026-08-07 19:04
4067891947490,C6C,1,2026-08-07 17:45
4067891947513,C6C,1,2026-08-07 17:44
4067891947537,C2E,1,2026-08-07 13:29
4067891947537,C6C,1,2026-08-07 17:44
4067892109699,D5,1,2026-08-07 11:27
4067892188175,S2,1,2026-08-02 17:23
4067892188175,T4,1,2026-08-05 11:19
4067892212474,U2,1,2026-08-02 18:29
4067892213945,U2,2,2026-08-02 18:29
4067892213969,U2,2,2026-08-02 18:29
4067892213969,U4,1,2026-08-02 19:02
4067892213976,U2,1,2026-08-02 18:29
4067892213976,X3,1,2026-08-03 14:33
4067892214003,U2,1,2026-08-02 18:29
4067892214041,U2,3,2026-08-02 18:29
4067892229731,D2,1,2026-08-07 11:25
4067892232670,B3,1,2026-08-07 11:18
4067892232717,B3,1,2026-08-07 11:18
4067892232984,D4,1,2026-08-07 11:26
4067892233004,A3,1,2026-08-07 11:12
4067892233004,D5,1,2026-08-07 11:27
4067892236067,B2,1,2026-08-07 11:17
4067892289124,S6,2,2026-08-07 11:01
4067892289162,S6,2,2026-08-07 11:01
4067892289186,S6,1,2026-08-07 11:01
4067892289193,Q5,1,2026-08-03 15:12
4067892289216,S6,1,2026-08-07 11:01
4067892289223,S6,1,2026-08-07 11:01
4067892292919,C1,1,2026-08-07 11:23
4067892292926,S6,1,2026-08-07 11:01
4067892292957,C1,1,2026-08-07 11:23
4067892293008,C1,2,2026-08-07 11:23
4067892293046,C1,1,2026-08-07 11:23
4067892293060,C1,1,2026-08-07 11:23
4067892293077,C1,1,2026-08-07 11:23
4067892293091,D1,1,2026-08-07 11:24
4067892309464,X1,1,2026-08-03 14:21
4067892309488,W4,1,2026-08-03 14:11
4067892309518,W4,2,2026-08-03 14:11
4067892309716,R4,1,2026-08-05 11:13
4067892313157,R4,3,2026-08-05 11:13
4067892313201,R4,2,2026-08-05 11:13
4067892313218,R2,2,2026-08-05 11:09
4067892313225,R4,1,2026-08-05 11:13
4067892333568,W3,1,2026-08-03 14:10
4067892335661,X1,2,2026-08-03 14:21
4067892335685,W3,1,2026-08-03 14:09
4067892336774,R2,1,2026-08-05 11:09
4067892337030,M5,1,2026-08-07 11:54
4067892340429,T3,2,2026-08-02 18:22
4067892340436,T3,1,2026-08-02 18:22
4067892340740,M4,1,2026-08-07 11:54
4067892346834,S6,1,2026-08-07 11:01
4067892350510,Q5,1,2026-08-03 15:11
4067892350534,C1,1,2026-08-07 11:23
4067892350558,Q5,1,2026-08-03 15:11
4067892350589,Q5,1,2026-08-03 15:11
4067892350596,Q5,2,2026-08-03 15:11
4067892362056,S6,1,2026-08-07 11:01
4067892362063,Q5,1,2026-08-03 15:12
4067892362087,S6,2,2026-08-07 11:01
4067892362094,S6,2,2026-08-07 11:01
4067892362124,S6,3,2026-08-07 11:01
4067892362131,S6,2,2026-08-07 11:01
4067892362193,S6,2,2026-08-07 11:01
4067892406422,X3,1,2026-08-03 14:32
4067892406606,U1,1,2026-08-02 18:26
4067892410078,T3,1,2026-08-02 18:21
4067892410085,R1,1,2026-08-05 11:11
4067892410085,T3,1,2026-08-02 18:21
4067892410092,R1,1,2026-08-05 11:11
4067892410092,T3,1,2026-08-02 18:21
4067892420909,D1,1,2026-08-07 11:24
4067892424853,L3,1,2026-08-07 11:52
4067892437082,M4,1,2026-08-07 11:54
4067892473844,D2,3,2026-08-07 11:25
4067892500403,A4,1,2026-08-07 11:13
4067892500410,C1,1,2026-08-07 11:23
4067892641939,B2,2,2026-08-07 11:17
4067892777560,M5,1,2026-08-07 11:54
4067892804600,E1,2,2026-08-07 11:29
4067892804617,E1,1,2026-08-07 11:29
4067892804617,J1,1,2026-08-07 11:40
4067892804655,E1,1,2026-08-07 11:29
4067892804655,J1,1,2026-08-07 11:40
4067892804679,E1,2,2026-08-07 11:29
4067892804693,E1,1,2026-08-07 11:29
4067892804709,E1,1,2026-08-07 11:29
4067892804709,J1,1,2026-08-07 11:40
4067892820419,S2,1,2026-08-02 17:23
4067892823960,C1,1,2026-08-07 11:23
4067892827647,C1,1,2026-08-07 11:23
4067892831651,F1,1,2026-08-07 11:33
4067892835291,F1,1,2026-08-07 11:33
4067892835307,R4,1,2026-08-05 11:13
4067892835321,K1,1,2026-08-07 11:44
4067892835376,F1,1,2026-08-07 11:33
4067892835390,R4,1,2026-08-05 11:13
4067892839053,M5,1,2026-08-07 11:54
4067892839053,W6,1,2026-08-03 14:12
4067892842732,P5,1,2026-08-03 14:41
4067892842985,F1,1,2026-08-07 11:33
4067892842992,A3,1,2026-08-07 11:12
4067892843005,D1,1,2026-08-07 11:24
4067892843012,A2,1,2026-08-07 11:08
4067892843050,K1,1,2026-08-07 11:44
4067892843067,F1,1,2026-08-07 11:33
4067892843081,F1,1,2026-08-07 11:33
4067892843098,A2,1,2026-08-07 11:08
4067892843128,K1,2,2026-08-07 11:44
4067892843135,F1,1,2026-08-07 11:33
4067892858221,X3,1,2026-08-03 14:32
4067892858269,W6,1,2026-08-03 14:12
4067892858276,X3,1,2026-08-03 14:33
4067892858306,X3,1,2026-08-03 14:32
4067892858313,P1,1,2026-08-03 14:35
4067892858313,V4,1,2026-08-03 14:04
4067892858320,X3,2,2026-08-03 14:32
4067893049079,F4A,1,2026-08-10 14:58
4067893049147,F4B,1,2026-08-10 15:12
4067893064812,F3C,2,2026-08-10 14:41
4067893073296,G3A,2,2026-08-08 16:59
4067893073319,G3A,3,2026-08-08 17:00
4067893073319,K3A,1,2026-08-07 19:04
4067893073319,K5C,1,2026-08-08 11:30
4067893073371,G3A,2,2026-08-08 16:58
4067893078345,F3C,3,2026-08-10 14:43
4067893088771,G3D,1,2026-08-09 12:15
4067893088832,G3D,1,2026-08-09 12:15
4067893148376,F3A,2,2026-08-09 18:41
4067893152007,F3A,1,2026-08-09 18:39
4067893152069,F3A,1,2026-08-09 18:39
4067893162341,C5A,1,2026-08-07 16:27
4067893182141,F4B,1,2026-08-10 15:20
4067893182158,F4B,2,2026-08-10 15:20
4067893183926,C6A,1,2026-08-07 17:07
4067893183926,F3C,1,2026-08-10 14:44
4067893185890,C2D,1,2026-08-07 13:09
4067893185913,C2D,1,2026-08-07 13:09
4067893185913,F4B,2,2026-08-10 15:15
4067893185951,C2D,1,2026-08-07 13:09
4067893185968,C2D,1,2026-08-07 13:09
4067893185968,F4B,3,2026-08-10 15:15
4067893185999,F4B,1,2026-08-10 15:17
4067893186002,F4B,2,2026-08-10 15:18
4067893186019,F4B,3,2026-08-10 15:18
4067893211896,F3A,1,2026-08-09 18:36
4067893211933,F3A,2,2026-08-09 18:38
4067893222977,G3D,1,2026-08-09 12:16
4067893223578,G3D,2,2026-08-09 12:18
4067893231641,F3C,1,2026-08-10 14:40
4067893235250,F3C,1,2026-08-10 14:40
4067893241312,C3B,3,2026-08-07 13:40
4067893241343,C3B,1,2026-08-07 13:39
4067893281714,A6A,1,2026-08-07 12:04
4067893281783,F4A,1,2026-08-10 15:00
4067893285477,F4A,2,2026-08-10 15:00
4067893454293,E4B,1,2026-08-08 12:41
4067893454309,F3A,1,2026-08-09 18:44
4067893454378,F3A,1,2026-08-09 18:44
4067893467293,F3B,1,2026-08-10 11:47
4067894064422,C3A,2,2026-08-07 13:33
4067894071338,C3A,2,2026-08-07 13:44
4067894071345,C3A,2,2026-08-07 13:33
4067894071345,C5D,1,2026-08-07 16:52
4067894071406,C3A,1,2026-08-07 13:44
4067894071406,K5A,1,2026-08-08 11:12
4067894071413,C3A,3,2026-08-07 13:44
4067894071413,C6C,1,2026-08-07 17:47
4067894071420,C3A,4,2026-08-07 13:44
4067894312110,G3C,1,2026-08-08 17:53
4067894331104,G3C,3,2026-08-08 17:48
4067894338400,G3D,1,2026-08-09 12:19
4067894383110,F3C,1,2026-08-10 14:39
4067894383141,F3C,1,2026-08-10 14:39
4067894402392,G3C,1,2026-08-08 17:45
4067894463805,G3C,2,2026-08-08 17:57
4067894463881,G3C,1,2026-08-08 17:57
4067894467230,G3C,1,2026-08-08 17:43
4067894567862,C3D,1,2026-08-07 14:04
4067894567862,G3C,3,2026-08-08 17:43
4067894567985,G3C,1,2026-08-08 17:43
4067894579544,G3D,1,2026-08-09 12:12
4067894583336,G3D,2,2026-08-09 12:13
4067894583367,G3D,2,2026-08-09 12:13
4067894816458,A6B,1,2026-08-07 12:07
4067894836821,A6C,1,2026-08-07 12:12
4067894836821,G3B,1,2026-08-08 17:36
4067894836838,F3B,1,2026-08-10 12:30
4067894836883,A6C,1,2026-08-07 12:11
4067894836883,G3B,2,2026-08-08 17:36
4067894839563,A6C,2,2026-08-07 12:11
4067894839563,G3B,2,2026-08-08 17:36
4067894839587,A6C,1,2026-08-07 12:10
4067894839587,G3B,1,2026-08-08 17:36
4067894876339,C5A,1,2026-08-07 16:28
4067894880558,F3B,2,2026-08-10 12:03
4067894884266,F3B,2,2026-08-10 12:03
4067894884280,F3B,2,2026-08-10 12:02
4067894903189,J3E,1,2026-08-08 15:36
4067894907101,A6C,1,2026-08-07 12:11
4067894907255,F3C,1,2026-08-10 14:39
4067894907279,F3B,1,2026-08-10 12:38
4067894907279,F3C,1,2026-08-10 14:39
4067894907286,F3C,1,2026-08-10 14:39
4067894907378,C2D,2,2026-08-07 13:10
4067894907378,F3C,1,2026-08-10 14:39
4067894907378,J4A,1,2026-08-08 15:42
4067894911177,C2D,2,2026-08-07 13:10
4067894972499,G3C,2,2026-08-08 17:55
4067894987639,F3B,2,2026-08-10 12:34
4067894990790,F3B,1,2026-08-10 12:32
4067894990820,F3B,2,2026-08-10 12:33
4067894993968,G3B,1,2026-08-08 17:26
4067894993975,G3B,1,2026-08-08 17:28
4067894993999,G3B,1,2026-08-08 17:28
4067896337951,B6C,2,2026-08-07 12:31
4067896337951,G3C,3,2026-08-08 17:52
4067896347592,G3C,1,2026-08-08 17:51
4067897155110,U6,1,2026-08-02 19:12
4067897217993,U4,1,2026-08-02 19:02
4067897217993,U5,1,2026-08-02 19:07
4067897218006,U5,1,2026-08-02 19:07
4067897218037,U5,4,2026-08-02 19:08
4067897225929,V1,2,2026-08-02 19:31
4067897225936,V1,2,2026-08-02 19:31
4067897225950,V1,3,2026-08-02 19:31
4067897225981,V1,1,2026-08-02 19:28
4067897225981,V3,1,2026-08-03 14:01
4067897225998,V1,1,2026-08-02 19:32
4067897226001,V1,2,2026-08-02 19:25
4067897226025,V1,1,2026-08-02 19:25
4067897226049,V2,1,2026-08-02 19:54
4067897226063,V1,2,2026-08-02 19:31
4067897226063,V3,1,2026-08-03 14:00
4067897226070,V1,1,2026-08-02 19:32
4067897240977,S4,2,2026-08-02 17:55
4067897241042,S4,3,2026-08-02 17:55
4067897241059,S4,3,2026-08-02 17:55
4067897241066,S4,1,2026-08-02 17:55
4067897241073,S4,1,2026-08-02 17:54
4067897241073,S6,1,2026-08-07 11:01
4067897241103,S4,2,2026-08-02 17:55
4067897241103,S6,1,2026-08-07 11:01
4067897241110,S4,1,2026-08-02 17:54
4067897241110,S6,1,2026-08-07 11:01
4067897241127,S4,2,2026-08-02 17:55
4067897241134,S4,1,2026-08-02 17:53
4067897241141,S4,1,2026-08-02 17:53
4067897241158,S5,1,2026-08-02 17:59
4067897241172,S4,1,2026-08-02 17:54
4067897241172,S5,1,2026-08-02 17:59
4067897276716,U5,1,2026-08-02 19:08
4067897279472,U5,1,2026-08-02 19:08
4067897282519,U2,1,2026-08-02 18:29
4067897282533,V3,1,2026-08-03 14:00
4067897356937,S4,2,2026-08-02 17:55
4067897356944,S4,3,2026-08-02 17:55
4067897356951,Q4,1,2026-08-03 15:10
4067897356951,S6,1,2026-08-07 11:01
4067897356975,S4,1,2026-08-02 17:54
4067897356999,S6,2,2026-08-07 11:01
4067897357002,S4,2,2026-08-02 17:55
4067897357040,S4,1,2026-08-02 17:53
4067897357064,S4,4,2026-08-02 17:54
4067897357101,S4,4,2026-08-02 17:55
4067897393628,P1,1,2026-08-03 14:36
4067897393680,A3,1,2026-08-07 11:12
4067897393680,P1,1,2026-08-03 14:36
4067897393734,A4,1,2026-08-07 11:13
4067897420126,I1,1,2026-08-07 11:38
4067897420218,H1,1,2026-08-07 11:36
4067897420218,I1,1,2026-08-07 11:38
4067897420218,K1,1,2026-08-07 11:44
4067897420232,J1,1,2026-08-07 11:40
4067897420232,K1,1,2026-08-07 11:44
4067897420249,I1,1,2026-08-07 11:38
4067897420249,I2,1,2026-08-07 11:39
4067897420256,K1,2,2026-08-07 11:44
4067897423172,F1,1,2026-08-07 11:33
4067897423189,K1,1,2026-08-07 11:44
4067897428566,E1,2,2026-08-07 11:29
4067897428573,D5,2,2026-08-07 11:27
4067897428573,E1,1,2026-08-07 11:29
4067897428580,E1,2,2026-08-07 11:30
4067897428627,E1,1,2026-08-07 11:29
4067897428634,D5,1,2026-08-07 11:27
4067897428641,D5,2,2026-08-07 11:27
4067897466520,V3,1,2026-08-03 14:00
4067897466544,V3,1,2026-08-03 14:01
4067897470183,Q5,1,2026-08-03 15:12
4067897470268,V3,1,2026-08-03 14:00
4067897479988,A5,1,2026-08-07 11:16
4067897479988,M5,1,2026-08-07 11:54
4067897516607,S6,1,2026-08-07 11:01
4067897516614,S4,2,2026-08-02 17:54
4067897516614,S6,1,2026-08-07 11:01
4067897516621,S4,3,2026-08-02 17:54
4067897516638,S4,1,2026-08-02 17:55
4067897516645,S6,1,2026-08-07 11:01
4067897516669,S4,1,2026-08-02 17:54
4067897516669,S6,1,2026-08-07 11:01
4067897516720,S4,3,2026-08-02 17:54
4067897516720,S6,1,2026-08-07 11:01
4067897553909,T3,1,2026-08-02 18:21
4067897638613,V3,2,2026-08-03 14:00
4067897641811,T1,1,2026-08-02 18:14
4067897641835,S6,1,2026-08-07 11:01
4067897641842,S6,1,2026-08-07 11:01
4067897641859,T1,1,2026-08-02 18:14
4067897641873,T1,3,2026-08-02 18:14
4067897641903,T1,2,2026-08-02 18:14
4067897641910,T1,2,2026-08-02 18:14
4067897642214,R2,1,2026-08-05 11:09
4067897642290,V3,1,2026-08-03 14:00
4067897763285,A3,1,2026-08-07 11:12
4067897763322,I1,1,2026-08-07 11:38
4067897763339,J1,1,2026-08-07 11:41
4067897763339,V6,1,2026-08-03 14:05
4067897763346,I1,1,2026-08-07 11:38
4067897763377,I1,1,2026-08-07 11:38
4067897763377,J1,1,2026-08-07 11:42
4067897779064,X1,2,2026-08-03 14:21
4067897782729,X1,1,2026-08-03 14:21
4067897782743,X1,1,2026-08-03 14:21
4067897782774,X1,1,2026-08-03 14:21
4067897803417,K1,2,2026-08-07 11:43
4067897803431,K1,1,2026-08-07 11:43
4067897803448,K1,2,2026-08-07 11:43
4067897803462,K1,2,2026-08-07 11:43
4067897803516,J1,1,2026-08-07 11:42
4067897803523,K1,1,2026-08-07 11:43
4067897811153,J1,4,2026-08-07 11:41
4067897811221,J1,2,2026-08-07 11:41
4067897814871,J1,1,2026-08-07 11:42
4067897814895,J1,2,2026-08-07 11:41
4067897814918,J1,2,2026-08-07 11:41
4067897814925,J1,3,2026-08-07 11:41
4067897898611,T2,1,2026-08-02 18:18
4067898039563,S2,1,2026-08-02 17:23
4067898054870,V3,1,2026-08-03 14:00
4067898073833,X2,2,2026-08-03 14:29
4067898073888,X1,1,2026-08-03 14:21
4067898073956,X2,1,2026-08-03 14:28
4067898079958,X1,1,2026-08-03 14:21
4067898079996,X1,2,2026-08-03 14:21
4067898080008,X1,2,2026-08-03 14:21
4067898080008,X2,1,2026-08-03 14:28
4067898081692,X1,1,2026-08-03 14:21
4067898081753,X1,3,2026-08-03 14:21
4067898509523,U2,1,2026-08-02 18:29
4067898509554,U2,1,2026-08-02 18:29
4067898611059,J3A,1,2026-08-08 14:52
4067898747321,C3D,1,2026-08-07 14:07
4067898750994,C3D,3,2026-08-07 14:07
4067898774198,C3D,2,2026-08-07 14:07
4067898775904,U4,3,2026-08-02 19:03
4067898777854,C3D,1,2026-08-07 14:07
4067898779513,U4,2,2026-08-02 19:03
4067898779520,U4,2,2026-08-02 19:02
4067898779551,U5,1,2026-08-02 19:07
4067898779568,U4,2,2026-08-02 19:03
4067898779568,U5,1,2026-08-02 19:06
4067898779599,U4,1,2026-08-02 19:03
4067898779605,U4,1,2026-08-02 19:03
4067898779636,U5,1,2026-08-02 19:08
4067898779643,U4,3,2026-08-02 19:03
4067898779650,U4,1,2026-08-02 19:03
4067898779667,U4,2,2026-08-02 19:03
4067898779698,U4,1,2026-08-02 19:03
4067898779711,U4,2,2026-08-02 19:03
4067898779711,U5,1,2026-08-02 19:04
4067898779742,Q5,2,2026-08-03 15:14
4067898783367,Q5,2,2026-08-03 15:14
4067898783398,Q5,1,2026-08-03 15:12
4067898783398,U4,1,2026-08-02 19:02
4067898783411,U5,1,2026-08-02 19:07
4067898783428,U2,1,2026-08-02 18:29
4067898783459,U5,3,2026-08-02 19:06
4067898783466,U5,1,2026-08-02 19:06
4067898783473,Q5,1,2026-08-03 15:14
4067898783473,U5,1,2026-08-02 19:06
4067898783497,X3,2,2026-08-03 14:32
4067898783510,Q5,1,2026-08-03 15:14
4067898783527,X3,3,2026-08-03 14:32
4067898783541,U6,2,2026-08-02 19:14
4067898783558,U6,2,2026-08-02 19:13
4067898783565,U4,2,2026-08-02 19:02
4067898783572,U6,2,2026-08-02 19:14
4067898783589,U6,2,2026-08-02 19:13
4067898787198,U5,2,2026-08-02 19:08
4067898787204,U6,3,2026-08-02 19:14
4067898787242,U4,2,2026-08-02 19:02
4067898787273,U4,1,2026-08-02 19:02
4067898787334,U5,1,2026-08-02 19:04
4067898787334,U6,1,2026-08-02 19:14
4067898787341,U5,1,2026-08-02 19:07
4067898787341,U6,1,2026-08-02 19:12
4067898787358,U6,2,2026-08-02 19:13
4067898787389,U5,2,2026-08-02 19:04
4067898787396,U2,1,2026-08-02 18:29
4067898787426,Q5,1,2026-08-03 15:12
4067898787426,U5,1,2026-08-02 19:05
4067898791072,U5,1,2026-08-02 19:05
4067898791089,U5,3,2026-08-02 19:06
4067898791164,U5,1,2026-08-02 19:05
4067901010527,K4C,1,2026-08-07 19:16
4067901010534,J4E,1,2026-08-08 16:30
4067901010541,K4C,1,2026-08-07 19:16
4067901083828,F4C,2,2026-08-10 16:11
4067901083880,F4C,1,2026-08-10 16:11
4067901083934,F4C,1,2026-08-10 16:11
4067901122220,F4D,1,2026-08-10 17:30
4067901336795,E4A,1,2026-08-08 12:33
4067901430943,C6B,1,2026-08-07 17:40
4067901430943,E5C,1,2026-08-08 14:38
4067901431056,C6B,1,2026-08-07 17:40
4067901473117,E3A,1,2026-08-08 11:49
4067901476026,G3E,1,2026-08-09 12:29
4067901478594,K4A,1,2026-08-07 19:07
4067901529678,F3C,2,2026-08-10 14:48
4067901529692,F3C,1,2026-08-10 14:48
4067901537475,G3D,1,2026-08-09 12:03
4067901537499,G3E,1,2026-08-09 12:28
4067901537505,G3E,1,2026-08-09 12:28
4067901732566,C6B,1,2026-08-07 17:12
4067901732566,C6D,2,2026-08-07 18:10
4067901732573,E4B,2,2026-08-08 12:37
4067901732573,J4A,1,2026-08-08 15:48
4067901732658,E4B,1,2026-08-08 12:37
4067901843262,F4A,2,2026-08-10 15:10
4067901843330,F4A,1,2026-08-10 15:10
4067901844900,G3E,1,2026-08-09 12:42
4067901844993,G3E,1,2026-08-09 12:42
4067901847079,F4A,1,2026-08-10 14:55
4067901847093,F4A,1,2026-08-10 14:55
4067901853438,F4D,1,2026-08-10 17:34
4067901857191,J3E,1,2026-08-08 15:34
4067901857313,E3C,1,2026-08-08 11:58
4067901860962,K3A,1,2026-08-07 19:04
4067901890976,K4B,1,2026-08-07 19:13
4067901899320,F4C,1,2026-08-10 16:09
4067901914368,F4C,1,2026-08-10 16:13
4067901914375,F4C,1,2026-08-10 16:12
4067901924640,G3E,2,2026-08-09 12:27
4067901924718,G3E,2,2026-08-09 12:23
4067901972306,F4C,1,2026-08-10 16:10
4067902002347,G3D,2,2026-08-09 12:06
4067902002354,G3D,1,2026-08-09 12:07
4067902002378,G3D,1,2026-08-09 12:08
4067902005836,C6D,1,2026-08-07 17:55
4067902005836,K4A,1,2026-08-07 19:08
4067902005843,C6D,1,2026-08-07 17:54
4067902006338,G3D,2,2026-08-09 12:03
4067902008974,F3C,1,2026-08-10 14:47
4067902009452,C6D,1,2026-08-07 17:54
4067902009483,K4A,1,2026-08-07 19:08
4067902009490,K4A,1,2026-08-07 19:08
4067902029115,E3D,1,2026-08-08 12:15
4067902069814,C6C,1,2026-08-07 17:52
4067902069876,B6A,1,2026-08-07 12:16
4067902073552,C6C,2,2026-08-07 17:52
4067902073699,C6C,1,2026-08-07 17:47
4067902073729,C5D,1,2026-08-07 16:51
4067902107899,C6A,1,2026-08-07 17:07
4067902116464,B6B,1,2026-08-07 12:29
4067902260280,V3,1,2026-08-03 14:00
4067902260334,V3,1,2026-08-03 14:00
4067902260358,U1,1,2026-08-02 18:25
4067902346632,V6,1,2026-08-03 14:05
4067902453392,G3E,1,2026-08-09 12:30
4067902476537,V1,1,2026-08-02 19:32
4067902476544,V1,1,2026-08-02 19:32
4067902476551,V2,1,2026-08-02 19:56
4067902476575,V3,1,2026-08-03 14:00
4067902476605,U6,1,2026-08-02 19:11
4067902476759,V3,1,2026-08-03 14:00
4067902569291,F4D,2,2026-08-10 16:38
4067902588421,F4D,1,2026-08-10 16:38
4067902602196,F4A,2,2026-08-10 15:03
4067902605456,K3A,1,2026-08-07 19:05
4067902605883,F4A,1,2026-08-10 15:03
4067902640075,C2D,1,2026-08-07 13:09
4067902640112,C2D,2,2026-08-07 13:09
4067902643830,C2D,1,2026-08-07 13:09
4067902686349,C6A,2,2026-08-07 17:06
4067902701691,F4C,1,2026-08-10 16:05
4067902701769,F4C,1,2026-08-10 16:05
4067902793382,B6B,1,2026-08-07 12:21
4067902793436,B6B,1,2026-08-07 12:21
4067902802923,C6D,2,2026-08-07 18:09
4067902804309,C5D,1,2026-08-07 16:59
4067902824567,C4F,1,2026-08-07 14:37
4067902824567,C6D,1,2026-08-07 18:04
4067902824628,B6C,2,2026-08-07 12:34
4067902824628,C4F,1,2026-08-07 14:37
4067902824642,B6B,1,2026-08-07 12:24
4067902824680,B6C,2,2026-08-07 12:34
4067902824680,C4F,1,2026-08-07 14:37
4067902824697,C4F,1,2026-08-07 14:37
4067902875101,A6C,1,2026-08-07 12:12
4067902875101,F4C,1,2026-08-10 16:04
4067902878799,A6C,1,2026-08-07 12:12
4067902878829,F4C,1,2026-08-10 16:04
4067902878928,A6C,1,2026-08-07 12:12
4067902878928,F4C,1,2026-08-10 16:04
4067902895253,K4B,1,2026-08-07 19:12
4067902895314,B6C,3,2026-08-07 12:34
4067902898971,B6C,1,2026-08-07 12:34
4067902899008,B6C,1,2026-08-07 12:34
4067902918181,K4E,1,2026-08-07 19:42
4067902918273,K4C,1,2026-08-07 19:30
4067902921969,K4E,1,2026-08-07 19:42
4067902947952,F4A,1,2026-08-10 14:56
4067902951782,F4A,1,2026-08-10 14:56
4067902951799,F4A,2,2026-08-10 14:57
4067903235119,U5,2,2026-08-02 19:06
4067903235171,U5,1,2026-08-02 19:07
4067903235171,U6,1,2026-08-02 19:11
4067903640371,B1,1,2026-08-07 11:17
4067903749869,Q1,1,2026-08-03 14:43
4067903835432,R1,1,2026-08-05 11:11
4067903835449,S6,1,2026-08-07 11:01
4067903835487,R1,1,2026-08-05 11:11
4067903835517,R1,1,2026-08-05 11:11
4067903835616,Q4,1,2026-08-03 15:10
4067903839263,S6,1,2026-08-07 11:01
4067903839324,R1,1,2026-08-05 11:11
4067903839379,S5,1,2026-08-02 17:59
4067903839423,R1,1,2026-08-05 11:11
4067903839478,Q4,1,2026-08-03 15:08
4067903839478,Q5,1,2026-08-03 15:12
4067903843147,S6,1,2026-08-07 11:01
4067903938737,Q1,1,2026-08-03 14:43
4067903938751,Q1,1,2026-08-03 14:43
4067903938836,Q1,1,2026-08-03 14:43
4067904036449,Q5,1,2026-08-03 15:12
4067904036500,Q5,1,2026-08-03 15:12
4067904036531,T3,1,2026-08-02 18:22
4067904040187,T3,1,2026-08-02 18:22
4067904116127,C2E,1,2026-08-07 13:29
4067904236375,V6,1,2026-08-03 14:05
4067904236450,W3,1,2026-08-03 14:10
4067904236450,W6,1,2026-08-03 14:12
4067904240143,W3,1,2026-08-03 14:09
4067904247173,D3,1,2026-08-07 11:25
4067904247173,D4,1,2026-08-07 11:26
4067904247197,D3,2,2026-08-07 11:25
4067904247203,D5,1,2026-08-07 11:27
4067904250906,D2,2,2026-08-07 11:25
4067904261384,X2,3,2026-08-03 14:29
4067904261407,X2,1,2026-08-03 14:29
4067904261421,X2,6,2026-08-03 14:29
4067904265030,X2,3,2026-08-03 14:28
4067904265078,X2,2,2026-08-03 14:28
4067904265085,X2,1,2026-08-03 14:28
4067904289258,F3B,1,2026-08-10 12:02
4067904289258,G3B,1,2026-08-08 17:30
4067904320340,R1,1,2026-08-05 11:11
4067904334378,F4A,2,2026-08-10 15:07
4067904366836,V4,1,2026-08-03 14:04
4067904366843,V4,2,2026-08-03 14:04
4067904366850,V4,1,2026-08-03 14:04
4067904366867,V4,1,2026-08-03 14:04
4067904366881,V4,2,2026-08-03 14:04
4067904366898,V4,2,2026-08-03 14:04
4067904366928,V4,1,2026-08-03 14:04
4067904366935,V4,1,2026-08-03 14:04
4067904366959,V4,1,2026-08-03 14:04
4067904366966,V4,1,2026-08-03 14:04
4067904366973,V4,1,2026-08-03 14:04
4067904386896,S2,1,2026-08-02 17:23
4067904430728,F4A,3,2026-08-10 15:07
4067904430742,F4A,2,2026-08-10 15:08
4067904442264,D1,1,2026-08-07 11:24
4067904486374,W5,1,2026-08-05 11:36
4067904920939,D3,1,2026-08-07 11:25
4067904924623,D3,1,2026-08-07 11:25
4067904924630,D3,1,2026-08-07 11:25
4067904924647,D3,1,2026-08-07 11:25
4067904924661,D3,1,2026-08-07 11:25
4067904924678,D4,1,2026-08-07 11:26
4067904924685,D4,1,2026-08-07 11:26
4067904924692,D3,1,2026-08-07 11:25
4067905068302,C3B,1,2026-08-07 13:57
4067905336807,K4A,2,2026-08-07 19:08
4067905336814,K4A,1,2026-08-07 19:08
4067905338320,C6C,1,2026-08-07 17:44
4067905338351,C6C,1,2026-08-07 17:44
4067905791729,E3D,1,2026-08-08 12:14
4067905801237,B6A,1,2026-08-07 12:16
4067905801251,B6A,1,2026-08-07 12:17
4067905874996,G3E,1,2026-08-09 12:21
4067905892327,K3A,1,2026-08-07 19:05
4067905892402,K3A,1,2026-08-07 19:05
4067905900398,K4D,1,2026-08-07 19:36
4067905900404,K4A,1,2026-08-07 19:07
4067905921287,C5B,2,2026-08-07 16:30
4067905972029,C5B,2,2026-08-07 16:33
4067905976218,C5D,1,2026-08-07 16:52
4067905976225,C5D,1,2026-08-07 16:51
4067905982271,J3E,1,2026-08-08 15:33
4067905982271,J4A,1,2026-08-08 15:45
4067905984923,J4A,1,2026-08-08 15:45
4067906090067,E3C,1,2026-08-08 12:00
4067906131739,C5D,1,2026-08-07 16:59
4067906135386,C5D,1,2026-08-07 16:59
4067906148805,K4B,4,2026-08-07 19:12
4067906148812,K4B,1,2026-08-07 19:12
4067906152420,K4B,1,2026-08-07 19:12
4067906152437,K4B,2,2026-08-07 19:12
4067906152451,K4B,1,2026-08-07 19:12
4067906207533,C6C,2,2026-08-07 17:51
4067906211271,K3A,1,2026-08-07 19:05
4067906211271,K4B,1,2026-08-07 19:13
4067906211288,K3A,1,2026-08-07 19:05
4067906213978,C3A,1,2026-08-07 13:33
4067906218676,E3D,1,2026-08-08 12:12
4067906218812,E4B,1,2026-08-08 12:36
4067906233020,K4A,2,2026-08-07 19:08
4067906233051,A6A,2,2026-08-07 12:03
4067906240578,C6A,1,2026-08-07 17:04
4067906240578,K4A,2,2026-08-07 19:08
4067906317584,R1,1,2026-08-05 11:11
4067906317645,T1,1,2026-08-02 18:13
4067906411107,S5,1,2026-08-02 17:59
4067906412418,R2,1,2026-08-05 11:09
4067907006364,G4D,2,2026-08-09 17:27
4067907006418,G4D,1,2026-08-09 17:27
4067907006531,G4D,3,2026-08-09 17:27
4067907125805,G4D,2,2026-08-09 17:16
4067907125843,G4D,4,2026-08-09 17:16
4067907129469,G4D,2,2026-08-09 17:17
4067907129582,G4E,4,2026-08-09 17:51
4067907129643,G4E,2,2026-08-09 17:52
4067907129650,G4E,2,2026-08-09 17:52
4067907301698,R1,1,2026-08-05 11:11
4067907301728,Q6,1,2026-08-03 15:16
4067907301728,W3,1,2026-08-03 14:09
4067907301773,W6,1,2026-08-03 14:12
4067907301780,Q6,1,2026-08-03 15:16
4067907323911,X3,1,2026-08-03 14:32
4067907323942,X3,1,2026-08-03 14:33
4067907323980,X3,1,2026-08-03 14:32
4067907323997,X3,1,2026-08-03 14:32
4067907509162,S5,1,2026-08-02 18:00
4067907509193,S5,1,2026-08-02 18:00
4067907509216,S5,2,2026-08-02 17:59
4067907509261,T3,1,2026-08-02 18:21
4067907509322,S5,1,2026-08-02 17:59
4067907509346,S5,1,2026-08-02 17:59
4067907536038,V4,1,2026-08-03 14:04
4067907537974,W3,1,2026-08-03 14:09
4067907538063,W3,1,2026-08-03 14:09
4067907539671,G1,1,2026-08-07 11:35
4067907564864,H1,1,2026-08-07 11:36
4067907564888,H1,2,2026-08-07 11:36
4067907564888,I1,1,2026-08-07 11:38
4067907564932,H1,2,2026-08-07 11:36
4067907564963,D2,1,2026-08-07 11:25
4067907564970,F1,2,2026-08-07 11:32
4067907565014,I1,1,2026-08-07 11:38
4067907635182,T4,2,2026-08-05 11:20
4067907635182,T5,1,2026-08-05 11:29
4067907635267,T4,2,2026-08-05 11:20
4067907635267,T5,2,2026-08-05 11:24
4067907635281,T4,1,2026-08-05 11:20
4067907635281,T5,1,2026-08-05 11:24
40679076354067907215360,T4,1,2026-08-05 11:20
4067907655166,H1,1,2026-08-07 11:36
4067907655166,P1,1,2026-08-03 14:35
4067907655173,P1,1,2026-08-03 14:35
4067907655197,H1,3,2026-08-07 11:36
4067907655227,H1,3,2026-08-07 11:36
4067907655241,X1,2,2026-08-03 14:21
4067907657412,P1,1,2026-08-03 14:35
4067907657467,P1,3,2026-08-03 14:35
4067907658747,P1,1,2026-08-03 14:35
4067907659119,T3,3,2026-08-02 18:22
4067907659157,Q4,1,2026-08-03 15:08
4067907660641,Q4,1,2026-08-03 15:08
4067907660641,T2,1,2026-08-02 18:17
4067907660641,T3,1,2026-08-02 18:21
4067907660658,T3,1,2026-08-02 18:21
4067907670923,U4,1,2026-08-02 19:02
4067907671845,E1,1,2026-08-07 11:29
4067907716676,W3,1,2026-08-03 14:09
4067907716744,A4,1,2026-08-07 11:13
4067907717505,A4,1,2026-08-07 11:13
4067907717536,A2,1,2026-08-07 11:08
4067907717833,W2,1,2026-08-03 14:08
4067907717833,W5,1,2026-08-05 11:36
4067907717864,W5,1,2026-08-05 11:36
4067907717918,W5,1,2026-08-05 11:36
4067907717925,W5,2,2026-08-05 11:36
4067907717956,W5,1,2026-08-05 11:36
4067907739521,P1,1,2026-08-03 14:36
4067907758010,V4,1,2026-08-03 14:04
4067907765520,G1,1,2026-08-07 11:35
4067907765544,G1,1,2026-08-07 11:35
4067907845109,F1,1,2026-08-07 11:32
4067907848841,F1,1,2026-08-07 11:32
4067907848841,G1,1,2026-08-07 11:35
4067907897917,X3,2,2026-08-03 14:33
4067907897948,X3,1,2026-08-03 14:33
4067907929687,X3,2,2026-08-03 14:33
4067907931420,V4,1,2026-08-03 14:04
4067907931437,A4,1,2026-08-07 11:13
4067907984648,H1,1,2026-08-07 11:36
4067907989155,F1,1,2026-08-07 11:33
4067907989186,E1,1,2026-08-07 11:30
4067907989186,F1,1,2026-08-07 11:33
4067907989193,E1,1,2026-08-07 11:30
4067907989193,F1,1,2026-08-07 11:33
4067907989216,F1,2,2026-08-07 11:33
4067907989254,E1,1,2026-08-07 11:30
4067907989254,F1,1,2026-08-07 11:33
4067907989278,F1,1,2026-08-07 11:33
4067907989476,T3,1,2026-08-02 18:22
4067907992117,K3,2,2026-08-07 11:45
4067907992124,K3,3,2026-08-07 11:45
4067907992155,K3,2,2026-08-07 11:45
4067907992230,K3,2,2026-08-07 11:45
4067907992230,S2,1,2026-08-02 17:23
4068801018620,S2,1,2026-08-02 17:23
4068801044117,S5,1,2026-08-02 17:59
4068801257173,I2,3,2026-08-07 11:39
4068801521694,F4D,1,2026-08-10 16:49
4068801521878,F4D,2,2026-08-10 16:47
4068801652008,T4,1,2026-08-05 11:20
4068801652008,T5,2,2026-08-05 11:23
4068801653210,T4,1,2026-08-05 11:20
4068801653289,T5,4,2026-08-05 11:28
4068801653319,T5,1,2026-08-05 11:24
4068801653333,T5,1,2026-08-05 11:23
4068801653357,T5,4,2026-08-05 11:28
4068801653371,T5,1,2026-08-05 11:23
4068801653395,T5,1,2026-08-05 11:23
4068801790205,S2,1,2026-08-02 17:23
4068801843222,L5,1,2026-08-07 11:53
4068801901366,U4,1,2026-08-02 19:03
4068801901441,U1,4,2026-08-02 18:26
4068801901441,U5,1,2026-08-02 19:08
4068801901496,U1,1,2026-08-02 18:26
4068801901502,U1,2,2026-08-02 18:26
4068801901526,U1,2,2026-08-02 18:25
4068801921166,T4,3,2026-08-05 11:20
4068801921180,T4,3,2026-08-05 11:20
4068801921203,T4,1,2026-08-05 11:20
4068802001362,A1,1,2026-08-07 11:10
4068802001379,A4,1,2026-08-07 11:13
4068802001393,A5,1,2026-08-07 11:16
4068802466512,E3D,1,2026-08-08 12:11
4068802544005,E3D,2,2026-08-08 12:12
4068802544005,E4C,1,2026-08-08 12:53
4068802544043,E3D,3,2026-08-08 12:12
4068802830108,W2,1,2026-08-03 14:08
4068802830153,Q6,1,2026-08-03 15:16
4068802841630,W2,2,2026-08-03 14:08
4068802841654,W2,1,2026-08-03 14:08
4068802841685,P6,1,2026-08-03 14:42
4068802841685,W3,1,2026-08-03 14:09
4068802841807,W6,1,2026-08-03 14:12
4068802845591,W6,1,2026-08-03 14:12
4068802845607,W4,2,2026-08-03 14:11
4068802845614,F1,1,2026-08-07 11:33
4068802845638,W6,1,2026-08-03 14:12
4068802845645,E1,1,2026-08-07 11:30
4068802845652,E1,3,2026-08-07 11:30
4068802845652,F1,1,2026-08-07 11:33
4068802849407,E1,1,2026-08-07 11:30
4068802849407,W6,1,2026-08-03 14:12
4068802853220,V4,1,2026-08-03 14:04
4068802853244,V6,1,2026-08-03 14:05
4068802853244,W6,1,2026-08-03 14:12
4068802853275,W6,1,2026-08-03 14:12
4068802853374,W4,1,2026-08-03 14:11
4068802899952,C3B,1,2026-08-07 13:57
4068802934448,X1,1,2026-08-03 14:21
4068802934462,Q6,1,2026-08-03 15:16
4068802934462,X1,1,2026-08-03 14:21
4068802934493,V6,1,2026-08-03 14:05
4068802938101,V6,1,2026-08-03 14:05
4068802938101,X1,1,2026-08-03 14:21
4068803042098,X1,1,2026-08-03 14:21
4068803042135,W4,1,2026-08-03 14:12
4068803042135,X1,1,2026-08-03 14:21
4068804334239,P6,1,2026-08-03 14:42
4068804334284,Q6,1,2026-08-03 15:17
4068804345952,U4,1,2026-08-02 19:02
4068804460716,W2,3,2026-08-03 14:08
4068804460730,W2,3,2026-08-03 14:08
4068804460822,W2,1,2026-08-03 14:08
4068804460839,W2,3,2026-08-03 14:08
4068804839512,S6,1,2026-08-07 11:01
4068804973940,P1,2,2026-08-03 14:36
4068804973964,P1,2,2026-08-03 14:36
4068804973971,P1,3,2026-08-03 14:36
4068804974008,P1,1,2026-08-03 14:36
4068804974015,P1,2,2026-08-03 14:36
4068804974022,P1,1,2026-08-03 14:36
4068804974039,P1,1,2026-08-03 14:36
4068804977658,P1,1,2026-08-03 14:36
4068805369056,K4D,5,2026-08-07 19:34
4068805369063,K4D,2,2026-08-07 19:33
4068805372711,K4D,7,2026-08-07 19:34
4068805372735,K4D,6,2026-08-07 19:34
4068805815034,E4D,5,2026-08-08 14:08
4068805815041,C4B,1,2026-08-07 14:21
4068805815041,E4D,7,2026-08-08 14:07
4068805815041,E5B,9,2026-08-08 14:24
4068805815065,B6A,1,2026-08-07 12:17
4068805815065,C4B,7,2026-08-07 14:21
4068805815065,E4D,5,2026-08-08 14:08
4068805815065,E5B,17,2026-08-08 14:25
4068805815089,C4E,3,2026-08-07 14:35
4068805815119,C4B,3,2026-08-07 14:21
4068805815119,C4E,4,2026-08-07 14:35
4068805815119,E4D,1,2026-08-08 14:08
4068805815119,E5B,4,2026-08-08 14:23
4068805815119,K5C,1,2026-08-08 11:33
4068805876523,K5C,11,2026-08-08 11:34
4068805876530,K5C,8,2026-08-08 11:34
4068805884337,E4D,1,2026-08-08 14:09
4068805884344,E4D,2,2026-08-08 14:09
4068805887963,E4D,1,2026-08-08 14:09
4068805887970,E4D,2,2026-08-08 14:09
4068805987687,K5B,5,2026-08-08 11:18
4068805987694,C6D,1,2026-08-07 17:58
4068805995385,K5B,3,2026-08-11 19:38
4068805999154,K4B,1,2026-08-07 19:13
4068806105004,T4,2,2026-08-05 11:19
4068806105042,T4,1,2026-08-05 11:19
4068806105059,T4,2,2026-08-05 11:19
4068806108685,T4,2,2026-08-05 11:19
4068806159571,P3,1,2026-08-03 14:39
4068806163219,P3,1,2026-08-03 14:38
4068806163219,V6,1,2026-08-03 14:05
4068806163240,V6,2,2026-08-03 14:05
4068806163257,V6,1,2026-08-03 14:05
4068806163264,W2,1,2026-08-03 14:08
4068807030411,G4B,1,2026-08-09 16:16
4068807030459,G4B,1,2026-08-09 16:17
4068807034082,G4B,1,2026-08-09 16:17
4068807034112,E4A,1,2026-08-08 12:26
4068807090880,F4D,1,2026-08-10 17:49
4068807098572,A6B,1,2026-08-07 12:08
4068807098633,A6B,1,2026-08-07 12:08
4068807102248,A6B,1,2026-08-07 12:08
4068807102309,A6B,1,2026-08-07 12:08
4068807117709,B6A,1,2026-08-07 12:17
4068807140769,K4C,1,2026-08-07 19:22
4068807140776,K4C,1,2026-08-07 19:22
4068807140806,K4C,1,2026-08-07 19:22
4068807171275,K4B,1,2026-08-07 19:14
4068807171312,K4B,1,2026-08-07 19:14
4068807171350,C4F,1,2026-08-07 14:39
4068807174726,C4F,1,2026-08-07 14:39
4068807240742,K5B,1,2026-08-08 11:16
4068807240865,K5B,1,2026-08-08 11:16
4068807484474,C5B,1,2026-08-07 16:37
4068807488182,C5B,1,2026-08-07 16:37
4068807704626,C4A,1,2026-08-07 14:12
4068807768260,C6A,1,2026-08-07 17:09
4068807768314,C6A,1,2026-08-07 17:09
4068807826953,C5C,1,2026-08-07 16:49
4068807830684,C2C,5,2026-08-07 13:06
4068807830684,C4A,6,2026-08-07 14:12
4068807830684,C5C,1,2026-08-07 16:49
4068807830738,C5C,1,2026-08-07 16:49
4068807830769,C5C,1,2026-08-07 16:49
4068807900455,A6A,2,2026-08-07 12:05
4068807900509,A6A,3,2026-08-07 12:05
4068807900509,C5C,3,2026-08-07 16:49
4068807900530,A6A,1,2026-08-07 12:05
4068807900530,C5C,1,2026-08-07 16:46
4068807900547,A6A,2,2026-08-07 12:05
4068807900547,C5C,3,2026-08-07 16:46
4068808014861,A6B,1,2026-08-07 12:06
4068808025690,G3E,2,2026-08-09 12:33
4068808025737,G3E,2,2026-08-09 12:33
4068808025744,G3E,1,2026-08-09 12:33
4068808025751,G3E,2,2026-08-09 12:33
4068808056663,F4D,1,2026-08-10 17:57
4068808056755,F4D,1,2026-08-10 17:57
4068808060486,F4D,1,2026-08-10 17:58
4068808109826,G3E,1,2026-08-09 12:35
4068808109840,G3E,1,2026-08-09 12:36
4068808152365,G3E,1,2026-08-09 12:47
4068808152372,G3E,1,2026-08-09 12:48
4068808167970,G3F,1,2026-08-09 13:02
4068808171632,G3F,1,2026-08-09 13:02
4068808175234,G3E,1,2026-08-09 12:45
4068808175289,G3E,1,2026-08-09 12:45
4068808191531,G4A,1,2026-08-09 15:20
4068808191548,G4A,1,2026-08-09 15:19
4068808191555,G4A,2,2026-08-09 15:20
4068808191562,G4A,1,2026-08-09 15:20
4068808191579,G4A,1,2026-08-09 15:20
4068808218955,F4D,1,2026-08-10 16:36
4068808218962,F4D,1,2026-08-10 16:36
4068808306614,G3E,1,2026-08-09 12:39
4068808306652,G3E,1,2026-08-09 12:40
4068808431651,J4D,2,2026-08-08 16:21
4068808431668,G3F,4,2026-08-09 12:55
4068808431675,G3F,3,2026-08-09 12:55
4068808591447,C5D,2,2026-08-07 16:56
4068808591461,A6B,1,2026-08-07 12:07
4068808595353,A6B,1,2026-08-07 12:07
4068808712583,C2A,2,2026-08-07 13:54
4068808712590,B6B,1,2026-08-07 12:21
4068808712606,C2A,6,2026-08-07 12:49
4068808712606,C2E,3,2026-08-07 13:28
4068808935920,A6B,1,2026-08-07 12:08
4068808935920,J4E,2,2026-08-08 16:36
4068808935944,J4E,1,2026-08-08 16:36
4068808937528,J4E,1,2026-08-08 16:38
4068808937580,A6B,1,2026-08-07 12:07
4068808941488,J4E,1,2026-08-08 16:37
4068808943451,C5D,1,2026-08-07 16:56
4068808943550,A6C,2,2026-08-07 12:10
4068808943550,C2C,2,2026-08-07 13:05
4068808943550,J4E,1,2026-08-08 16:33
4068808976855,K4D,1,2026-08-07 19:38
4068808976886,K4E,1,2026-08-07 19:42
4068808976930,K4E,1,2026-08-07 19:42
4068808976992,K4E,1,2026-08-07 19:42
4068809093049,F4D,2,2026-08-10 18:04
4068809127362,F5A,1,2026-08-10 18:40
4068809127423,F5A,1,2026-08-10 18:40
4068809127461,F5A,1,2026-08-10 18:40
4068809127485,F5A,1,2026-08-10 18:40
4068809178395,W6,1,2026-08-03 14:12
4068809185980,W2,1,2026-08-03 14:08
4068809186055,Q2,1,2026-08-03 14:44
4068809430493,C4F,1,2026-08-07 14:36
4068809448078,F4E,1,2026-08-10 18:31
4068809448139,F4E,2,2026-08-10 18:31
4068809466812,C2A,1,2026-08-07 12:47
4068809466874,C2A,1,2026-08-07 12:47
4068809486810,F4D,1,2026-08-10 18:00
4068809490640,F4D,1,2026-08-10 18:00
4068809542158,C4F,1,2026-08-07 14:36
4068809542158,E5A,1,2026-08-08 14:14
4068809542158,K4D,1,2026-08-07 19:35
4068809578195,C2A,1,2026-08-07 12:50
4068809578270,C2A,1,2026-08-07 12:49
4068809578300,C2A,1,2026-08-07 12:49
4068809597233,F4D,1,2026-08-10 17:48
4068809609462,F4E,3,2026-08-10 18:31
4068809613209,F4E,2,2026-08-10 18:31
4068809768954,J3D,1,2026-08-08 15:25
4068809789928,J3E,2,2026-08-08 15:31
4068809811520,C2A,1,2026-08-11 16:38
4068809811520,K5A,1,2026-08-11 16:39
4068809913583,F4D,1,2026-08-10 18:07
4068809917253,F4D,1,2026-08-10 18:06
4068809918434,F4D,1,2026-08-10 17:50
4068809921601,F4D,1,2026-08-10 17:53
4068809956528,F4E,1,2026-08-10 18:32
4068809957556,F4E,1,2026-08-10 18:32
4068809960327,F4E,1,2026-08-10 18:32
4068809965797,F4D,1,2026-08-10 17:54
4068809965902,F4D,1,2026-08-10 17:54
4068809970890,F4E,1,2026-08-10 18:32
4068809970906,F4E,2,2026-08-10 18:32
4068809970920,F4E,2,2026-08-10 18:32
4068809974560,F4D,2,2026-08-10 18:27
4068809974560,F4E,2,2026-08-10 18:32
4068809988062,F4D,1,2026-08-10 18:06
4068809993103,F4D,1,2026-08-10 17:51
4068811333218,S5,1,2026-08-02 18:00
4068811382124,C2B,1,2026-08-07 12:59
4068811382124,F4D,1,2026-08-10 16:34
4068811382131,F4D,3,2026-08-10 16:34
4068811514495,S6,1,2026-08-07 11:01
4068811574840,S5,1,2026-08-02 18:00
4068811574857,S5,4,2026-08-02 18:00
4068811858629,L3,3,2026-08-07 11:52
4068811858636,L3,3,2026-08-07 11:52
4068811858650,L3,3,2026-08-07 11:52
4068811858667,L3,2,2026-08-07 11:52
4068811858711,L3,2,2026-08-07 11:52
4068811918576,K5B,1,2026-08-08 11:14
4068812009860,T2,1,2026-08-02 18:17
4068812009952,T2,2,2026-08-02 18:17
4068812013775,T1,1,2026-08-02 18:13
4068812013782,T1,1,2026-08-02 18:13
4068812013812,T1,1,2026-08-02 18:13
4068812013850,T1,2,2026-08-02 18:13
4068812013867,T1,2,2026-08-02 18:14
4068812020827,T2,1,2026-08-02 18:17
4068812020834,T2,1,2026-08-02 18:17
4068812020919,T2,3,2026-08-02 18:17
4068812020926,T2,2,2026-08-02 18:17
4068812021053,T2,1,2026-08-02 18:18
4068812024665,T1,1,2026-08-02 18:13
4068812024672,T1,1,2026-08-02 18:13
4068812024672,T2,1,2026-08-02 18:17
4068812024719,T2,1,2026-08-02 18:16
4068812167171,R4,2,2026-08-05 11:13
4068812167201,R4,1,2026-08-05 11:13
4068812167225,R4,2,2026-08-05 11:13
4068812167249,R4,2,2026-08-05 11:13
4068812179181,P5,2,2026-08-03 14:41
4068812179198,P5,2,2026-08-03 14:41
4068812179266,P5,4,2026-08-03 14:41
4068812179280,P5,3,2026-08-03 14:41
4068812179310,P5,3,2026-08-03 14:41
4068812198472,W6,1,2026-08-03 14:12
4068812198489,P5,1,2026-08-03 14:41
4068812198489,W6,1,2026-08-03 14:12
4068812208805,P4,3,2026-08-03 14:40
4068812208881,P4,1,2026-08-03 14:40
4068812212499,P4,3,2026-08-03 14:40
4068812212512,P4,2,2026-08-03 14:40
4068812212536,P4,2,2026-08-03 14:40
4068812212536,P5,1,2026-08-03 14:41
4068812226151,L5,1,2026-08-07 11:53
4068812234637,P3,2,2026-08-03 14:39
4068812234705,S2,1,2026-08-02 17:23
4068812238307,T1,1,2026-08-02 18:14
4068812238345,T2,3,2026-08-02 18:18
4068812238352,T2,2,2026-08-02 18:17
4068812267505,Q4,1,2026-08-03 15:10
4068812267567,S5,1,2026-08-02 18:00
4068812267567,S6,1,2026-08-07 11:01
4068812267574,S5,1,2026-08-02 18:00
4068812278884,S4,1,2026-08-02 17:55
4068812278884,S5,1,2026-08-02 17:59
4068812278921,S4,1,2026-08-02 17:55
4068812278945,S4,1,2026-08-02 17:55
4068812278976,S1,2,2026-08-02 17:31
4068812286490,S4,1,2026-08-02 17:55
4068812286490,S6,1,2026-08-07 11:01
4068812286582,S4,1,2026-08-02 17:55
4068812286643,S4,2,2026-08-02 17:55
4068812290244,S6,1,2026-08-07 11:01
4068812291005,L4,1,2026-08-07 11:53
4068812291098,L2,1,2026-08-07 11:52
4068812292309,Q2,2,2026-08-03 14:44
4068812292316,Q2,3,2026-08-03 14:44
4068812292378,Q2,3,2026-08-03 14:44
4068812292385,Q2,3,2026-08-03 14:44
4068812292408,Q2,2,2026-08-03 14:44
4068812293672,S5,1,2026-08-02 17:58
4068812293689,S6,1,2026-08-07 11:01
4068812293733,S6,1,2026-08-07 11:01
4068812293740,S6,2,2026-08-07 11:01
4068812293757,S5,1,2026-08-02 18:00
4068812295782,Q2,1,2026-08-03 14:44
4068812295782,W4,1,2026-08-03 14:11
4068812305931,L2,2,2026-08-07 11:52
4068812312595,S1,1,2026-08-02 17:32
4068812358234,Q2,2,2026-08-03 14:44
4068812358241,Q2,2,2026-08-03 14:44
4068812358272,Q2,2,2026-08-03 14:44
4068812358302,Q2,1,2026-08-03 14:44
4068812358364,Q2,1,2026-08-03 14:44
4068812358388,Q2,1,2026-08-03 14:44
4068812358395,Q2,3,2026-08-03 14:44
4068812358401,Q2,3,2026-08-03 14:44
4068812358418,Q2,1,2026-08-03 14:44
4068812623912,S1,2,2026-08-02 17:31
4068812623950,S1,1,2026-08-02 17:31
4068812623998,S1,1,2026-08-02 17:31
4068812624018,S5,1,2026-08-02 17:59
4068812626722,S1,1,2026-08-02 17:31
4068812626739,S1,2,2026-08-02 17:32
4068812683664,T1,3,2026-08-02 18:13
4068812687242,T1,2,2026-08-02 18:13
4068812687266,T1,3,2026-08-02 18:13
4068812687273,T1,2,2026-08-02 18:13
4068812687303,T1,1,2026-08-02 18:13
4068812687327,T1,2,2026-08-02 18:11
4068812687365,T1,3,2026-08-02 18:13
4068812687389,T1,1,2026-08-02 18:11
4068812871955,U2,1,2026-08-02 18:29
4068812871979,U2,3,2026-08-02 18:29
4068812872006,U2,2,2026-08-02 18:29
4068812875649,U2,1,2026-08-02 18:29
4068812875700,U2,1,2026-08-02 18:29
4068812875724,U2,3,2026-08-02 18:29
4068812895401,S5,3,2026-08-02 17:59
4068812895432,S5,1,2026-08-02 17:59
4068812917257,Q4,1,2026-08-03 15:08
4068812917264,Q4,2,2026-08-03 15:09
4068812917288,Q4,2,2026-08-03 15:09
4068812917295,Q4,2,2026-08-03 15:08
4068812917349,Q4,3,2026-08-03 15:09
4068812920974,Q4,2,2026-08-03 15:09
4068812921001,Q5,1,2026-08-03 15:12
4068812921520,W2,2,2026-08-03 14:08
4068812921537,W2,2,2026-08-03 14:08
4068812921544,W2,3,2026-08-03 14:08
4068812921575,W2,3,2026-08-03 14:08
4068812921582,P5,1,2026-08-03 14:41
4068812921605,W2,2,2026-08-03 14:08
4068812928628,S5,1,2026-08-02 18:00
4068812932250,S5,1,2026-08-02 17:59
4068812932267,S5,1,2026-08-02 17:58
4068812932274,S5,1,2026-08-02 17:59
4068812932823,Q4,1,2026-08-03 15:08
4068812932892,Q4,1,2026-08-03 15:08
4068812932946,Q4,1,2026-08-03 15:08
4068812936579,Q4,1,2026-08-03 15:08
4068812944048,Q4,2,2026-08-03 15:08
4068812944055,Q4,2,2026-08-03 15:08
4068812944055,Q5,1,2026-08-03 15:11
4068812944079,Q4,1,2026-08-03 15:08
4068812944086,Q4,1,2026-08-03 15:08
4068812944093,Q4,3,2026-08-03 15:08
4068812944109,Q4,1,2026-08-03 15:08
4068812944123,Q4,1,2026-08-03 15:09
4068812944154,Q4,2,2026-08-03 15:09
4068812944161,Q4,2,2026-08-03 15:08
4068812951794,Q4,1,2026-08-03 15:09
4068812951831,Q4,3,2026-08-03 15:09
4068812951862,Q4,1,2026-08-03 15:08
4068812951879,Q4,2,2026-08-03 15:09
4068812951893,Q4,1,2026-08-03 15:08
4068812954153,Q1,1,2026-08-03 14:43
4068812954160,P5,1,2026-08-03 14:41
4068812954160,Q1,1,2026-08-03 14:43
4068812954177,Q1,1,2026-08-03 14:43
4068812954269,P5,2,2026-08-03 14:41
4068812954269,Q1,1,2026-08-03 14:43
4068812954283,Q1,1,2026-08-03 14:43
4068812954283,Q2,1,2026-08-03 14:44
4068812991257,S5,1,2026-08-02 17:58
4068812991288,S5,1,2026-08-02 17:58
4068812994906,S5,1,2026-08-02 17:59
4068812994913,S5,3,2026-08-02 18:00
4068812994982,S5,3,2026-08-02 17:59
4068812995019,S5,3,2026-08-02 17:59
4068814002661,J4D,1,2026-08-08 16:15
4068814002678,J4D,1,2026-08-08 16:17
4068814002685,J4D,1,2026-08-08 16:14
4068814498884,E5A,1,2026-08-08 14:15
4068815185066,B6B,1,2026-08-07 12:29
4068815196864,F5A,3,2026-08-10 18:50
4068815200523,F5A,2,2026-08-10 18:50
4068815200530,F5A,1,2026-08-10 18:50
4068815207935,F5A,1,2026-08-10 18:41
4068815299619,F5A,2,2026-08-10 18:40
4068815307079,F5A,1,2026-08-10 18:40
4068815311052,F5A,1,2026-08-10 18:39
4068815387996,B6A,1,2026-08-07 12:15
4068815388924,B6A,1,2026-08-07 12:15
4068815447898,P6,1,2026-08-03 14:42
4068815447904,P6,1,2026-08-03 14:42
4068815447904,W3,1,2026-08-03 14:09
4068815447966,P6,1,2026-08-03 14:42
4068815448017,P6,3,2026-08-03 14:42
4068815448024,P6,2,2026-08-03 14:42
4068815448048,P6,1,2026-08-03 14:42
4068815459501,P6,1,2026-08-03 14:42
4068815459518,P6,2,2026-08-03 14:42
4068815459525,P6,1,2026-08-03 14:42
4068815459556,W3,1,2026-08-03 14:09
4068815459563,W6,1,2026-08-03 14:12
4068815459587,P6,2,2026-08-03 14:42
4068815459587,W3,1,2026-08-03 14:09
4068815604604,P4,3,2026-08-03 14:39
4068815604642,Q2,1,2026-08-03 14:44
4068815605137,P4,2,2026-08-03 14:39
4068815605137,W2,1,2026-08-03 14:08
4068815605168,P4,1,2026-08-03 14:39
4068815605168,W2,1,2026-08-03 14:08
4068815605175,P4,2,2026-08-03 14:40
4068815605199,P4,1,2026-08-03 14:39
4068815607803,P5,1,2026-08-03 14:41
4068815607810,P5,1,2026-08-03 14:41
4068815607841,P5,3,2026-08-03 14:41
4068815607858,P5,3,2026-08-03 14:41
4068815607865,P5,3,2026-08-03 14:41
4068815913065,E5C,2,2026-08-08 14:37
4068815913126,E5C,4,2026-08-08 14:37
4068815913133,E5C,1,2026-08-08 14:37
4068815913157,E5C,1,2026-08-08 14:37
4068815917124,E4C,5,2026-08-08 12:54
4068815924726,E4C,3,2026-08-08 12:49
4068815924740,E4B,3,2026-08-08 12:45
4068815924740,E4C,3,2026-08-08 12:49
4068815924764,E4B,1,2026-08-08 12:44
4068815924764,E4C,1,2026-08-08 12:49
4068815924788,E4C,1,2026-08-08 12:46
4068816273243,B6A,1,2026-08-07 12:18
4068816276909,B6A,2,2026-08-07 12:18
4068816276923,B6A,1,2026-08-07 12:18
4068816280876,J3B,1,2026-08-08 15:04
4068816280890,J3B,5,2026-08-08 15:04
4068816280944,J3B,7,2026-08-08 15:05
4068816284683,K4E,1,2026-08-08 11:04
4068816284706,E5D,4,2026-08-08 14:47
4068816284744,E5D,2,2026-08-08 14:46
4068816284751,E5D,1,2026-08-08 14:47
4068816292664,E5D,3,2026-08-08 14:46
4068816292671,E5D,1,2026-08-08 14:46
4068816317671,J3A,1,2026-08-08 14:53
4068816317688,J4C,2,2026-08-08 16:08
4068816321074,J3A,3,2026-08-08 14:54
4068816321074,J3C,3,2026-08-08 15:17
4068816321104,J3A,6,2026-08-08 14:55
4068816321104,J3C,4,2026-08-08 15:17
4068816330090,C3B,1,2026-08-07 13:41
4068816330090,E5C,1,2026-08-08 14:38
4068816330090,J3A,1,2026-08-08 14:55
4068816330144,J3A,1,2026-08-08 14:55
4068816330144,K4C,1,2026-08-07 19:30
4068816330175,E5C,1,2026-08-08 14:38
4068816330175,K4C,2,2026-08-07 19:30
4068816331622,E5C,1,2026-08-08 14:38
4068816331622,K4C,1,2026-08-07 19:30
4068816633375,B6B,1,2026-08-07 12:29
4068816633375,J3E,1,2026-08-08 15:32
4068816633528,B6B,1,2026-08-07 12:29
4068816633528,J3E,1,2026-08-08 15:33
4068816637137,B6B,1,2026-08-07 12:29
4068816637137,C6A,1,2026-08-07 17:07
4068816657364,B6B,3,2026-08-07 12:27
4068816679090,C4D,1,2026-08-07 14:27
4068816682755,C4D,3,2026-08-07 14:28
4068816682854,C4D,2,2026-08-07 14:27
4068816690606,J4D,2,2026-08-08 16:17
4068816690606,J4E,2,2026-08-08 16:28
4068816694260,J4D,1,2026-08-08 16:17
4068816748581,K4B,3,2026-08-07 19:13
4068816752373,K5A,4,2026-08-08 11:07
4068816752403,K5A,1,2026-08-08 11:06
4068816752458,K4E,4,2026-08-08 11:05
4068816752533,E5D,1,2026-08-08 14:48
4068816756272,B6B,1,2026-08-07 12:29
4068816793635,E3A,3,2026-08-08 11:53
4068816793635,E3B,2,2026-08-08 11:56
4068816793635,E5A,1,2026-08-08 14:14
4068816793642,E3A,1,2026-08-08 11:52
4068816793703,E3A,2,2026-08-08 11:54
4068816793703,E3B,4,2026-08-08 11:56
4068816793703,E5A,1,2026-08-08 14:14
4068816793727,E3A,2,2026-08-08 11:51
4068816851038,J3C,1,2026-08-08 15:18
4068816851144,J3C,2,2026-08-08 15:18
4068816856057,J3C,2,2026-08-08 15:17
4068816870954,C2D,3,2026-08-07 13:07
4068816870985,C2D,3,2026-08-07 13:07
4068816870985,J3E,1,2026-08-08 15:35
4068816881738,R1,2,2026-08-05 11:11
4068816881790,R1,2,2026-08-05 11:11
4068816881806,R1,3,2026-08-05 11:11
4068816881813,R1,2,2026-08-05 11:11
4068816881820,R1,1,2026-08-05 11:11
4068816881844,P5,1,2026-08-03 14:41
4068816976748,P4,3,2026-08-03 14:40
4068816976847,P4,1,2026-08-03 14:40
4068816976878,P4,1,2026-08-03 14:40
4068817016757,G4E,2,2026-08-09 17:32
4068817020600,G4E,4,2026-08-09 17:31
4068817023625,G4E,1,2026-08-09 17:31
4068817112725,G4C,2,2026-08-09 16:56
4068817112732,G4C,4,2026-08-09 16:56
4068817112749,G4C,2,2026-08-09 16:55
4068817123158,J4D,2,2026-08-08 16:23
4068817126296,G4C,2,2026-08-09 16:40
4068817126333,G4C,4,2026-08-09 16:41
4068817209777,G4D,2,2026-08-09 17:09
4068817209821,G4D,4,2026-08-09 17:09
4068817209845,G4D,2,2026-08-09 17:09
4068817340166,J4D,1,2026-08-08 16:17
4068817340180,J4D,1,2026-08-08 16:17
4068817658889,T2,4,2026-08-02 18:18
4068817658896,T2,1,2026-08-02 18:18
4068817659398,T2,2,2026-08-02 18:17
4068817659411,T2,2,2026-08-02 18:18
4068817659473,T2,3,2026-08-02 18:18
4068817659497,T2,1,2026-08-02 18:17
4068817659534,T2,1,2026-08-02 18:17
4068818059937,T3,2,2026-08-02 18:22
4068818059944,T3,1,2026-08-02 18:22
4068818059951,T3,1,2026-08-02 18:21
4068818059968,T3,2,2026-08-02 18:23
4068818059975,T3,2,2026-08-02 18:22
4068818059999,T3,1,2026-08-02 18:22
4068818063613,T3,1,2026-08-02 18:22
4068818063637,T3,2,2026-08-02 18:22
4068818063668,T3,1,2026-08-02 18:23
4068818063699,T3,1,2026-08-02 18:23
4068818097021,T3,1,2026-08-02 18:22
4068818097038,T3,2,2026-08-02 18:22
4068818097083,T3,2,2026-08-02 18:23
4068818097106,T3,1,2026-08-02 18:23
4068818097144,T3,1,2026-08-02 18:23
4068818097151,T3,2,2026-08-02 18:22
4068818097199,T3,1,2026-08-02 18:23
4068818100806,T3,2,2026-08-02 18:23
4068818104538,S1,2,2026-08-02 17:32
4068818104545,S1,3,2026-08-02 17:32
4068818104576,S1,1,2026-08-02 17:32
4068818104590,S1,2,2026-08-02 17:32
4068818104613,S1,2,2026-08-02 17:32
4068818104613,S2,1,2026-08-02 17:23
4068818108246,S1,2,2026-08-02 17:32
4068818108246,S2,2,2026-08-02 17:23
4068818108253,S1,4,2026-08-02 17:32
4068818108291,S2,1,2026-08-02 17:23
4068818108307,S1,2,2026-08-02 17:32
4068818127636,T2,1,2026-08-02 18:18
4068818127667,T2,1,2026-08-02 18:18
4068818131282,T2,1,2026-08-02 18:17
4068818131299,T2,1,2026-08-02 18:18
4068818131329,T2,1,2026-08-02 18:18
4068818131367,T2,4,2026-08-02 18:18
4068818204764,S1,1,2026-08-02 17:32
4068818204771,S1,1,2026-08-02 17:31
4068818204795,S1,1,2026-08-02 17:31
4068818204801,S1,2,2026-08-02 17:32
4068818204849,S1,2,2026-08-02 17:32
4068818204900,S1,1,2026-08-02 17:32
4068818204955,S1,1,2026-08-02 17:32
4068818204962,T3,1,2026-08-02 18:22
4068818205709,T3,1,2026-08-02 18:23
4068818205723,T3,2,2026-08-02 18:22
4068818205730,T3,1,2026-08-02 18:22
4068818205747,T3,1,2026-08-02 18:22
4068818205754,T3,1,2026-08-02 18:22
4068818205792,T3,2,2026-08-02 18:22
4068818205815,T3,2,2026-08-02 18:23
4068818205822,T3,1,2026-08-02 18:22
4068818205846,T3,1,2026-08-02 18:23
4068818420713,P2,2,2026-08-03 14:38
4068818420768,P1,2,2026-08-03 14:36
4068818420799,P2,2,2026-08-03 14:38
4068818420829,P2,1,2026-08-03 14:38
4068818420867,P2,1,2026-08-03 14:38
4068818420874,P1,1,2026-08-03 14:36
4068818420881,P2,1,2026-08-03 14:38
4068819211228,J3D,5,2026-08-08 15:20
4068819211259,J3A,4,2026-08-08 14:59
4068819211280,J3A,2,2026-08-08 14:59
4068819211297,J4C,3,2026-08-08 16:09
4068819786474,K5C,1,2026-08-08 11:35
4068819789154,B6C,2,2026-08-07 12:36
4068819791690,B6C,1,2026-08-07 12:35
4068819791720,C6D,3,2026-08-07 18:04
4068819811107,C4A,1,2026-08-07 14:16
4068819811121,C4A,2,2026-08-07 14:16
4068819811244,A6A,1,2026-08-07 12:03
4068819811244,C4A,1,2026-08-07 14:13
4068821023635,F5A,1,2026-08-10 18:40
4068821188143,J4A,2,2026-08-08 15:54
4068821188280,J4A,1,2026-08-08 15:54
4068821191907,J4A,2,2026-08-08 15:54
4068821234758,G4A,1,2026-08-09 15:23
4068821234765,G4A,3,2026-08-09 15:26
4068821234857,G4A,2,2026-08-09 15:24
4068821298644,J4D,1,2026-08-08 16:18
4068821298750,J4D,1,2026-08-08 16:18
4068821301290,F5A,1,2026-08-10 18:52
4068821371941,K5B,2,2026-08-08 11:14
4068821375604,K5C,2,2026-08-08 11:32
4068821375697,C5B,1,2026-08-07 16:29
4068821375697,K5B,2,2026-08-08 11:13
4068821386594,C6A,1,2026-08-07 17:08
4068821390348,C6A,1,2026-08-07 17:08
4068821390386,C6A,2,2026-08-07 17:07
4068821403451,C3E,1,2026-08-07 14:11
4068821429987,F4E,1,2026-08-10 18:36
4068821433694,F5A,1,2026-08-10 18:40
4068821433731,F5A,1,2026-08-10 18:40
4068821720244,E5C,3,2026-08-08 14:33
4068821720244,J4D,1,2026-08-08 16:14
4068821800724,K4B,2,2026-08-07 19:13
4068821881624,J4B,2,2026-08-08 15:57
4068821881648,J4B,2,2026-08-08 15:56
4068821881709,J4B,3,2026-08-08 15:57
4068821900523,G4B,1,2026-08-09 16:12
4068821931589,E5D,1,2026-08-08 14:47
4068821931626,E5D,1,2026-08-08 14:47
4068821940628,B6C,1,2026-08-07 12:34
4068821940734,C5D,3,2026-08-07 16:57
4068821944480,C5D,1,2026-08-07 16:57
4068821958531,K4A,1,2026-08-07 19:08
4068821962187,K4A,1,2026-08-07 19:08
4068821962200,K4A,1,2026-08-07 19:08
4068821962231,C6D,1,2026-08-07 18:00
4068821962262,K4A,2,2026-08-07 19:08
4068821986602,K5C,1,2026-08-08 11:35
4068821989283,C5D,1,2026-08-07 16:52
4068821989283,E3A,1,2026-08-08 11:45
4068821989283,K5C,1,2026-08-08 11:35
4068821989399,E3A,2,2026-08-08 11:45
4068821993204,C5B,1,2026-08-07 16:29
4068821994478,C2E,1,2026-08-07 13:29
4068821996533,K5C,1,2026-08-08 11:32
4068822003841,G3F,1,2026-08-09 13:11
4068822003858,G3F,1,2026-08-09 13:11
4068822003865,C5D,1,2026-08-07 16:59
4068822003865,G3F,5,2026-08-09 13:13
4068822021340,C6D,2,2026-08-07 18:04
4068822238632,F5A,2,2026-08-10 18:56
4068822340045,F5A,1,2026-08-10 18:51
4068822347501,C3E,2,2026-08-07 14:17
4068822347617,C3E,2,2026-08-07 14:10
4068822448901,C4E,1,2026-08-07 14:35
4068822452748,C4E,1,2026-08-07 14:35
4068822458955,A6C,2,2026-08-07 12:11
4068822474993,C2A,1,2026-08-07 12:47
4068822551625,C4F,1,2026-08-07 14:39
4068822551625,G3F,1,2026-08-09 13:06
4068822553322,K4A,1,2026-08-07 19:07
4068822555289,G3F,1,2026-08-09 13:03
4068822555326,G3F,2,2026-08-09 13:03
4068822555388,G3F,3,2026-08-09 13:06
4068822560610,G4B,1,2026-08-09 16:08
4068822560696,G4B,2,2026-08-09 16:06
4068822560726,G4B,4,2026-08-09 16:06
4068822560757,G4B,2,2026-08-09 16:07
4068822560764,G4C,1,2026-08-09 16:44
4068822564434,G4C,1,2026-08-09 16:48
4068822564533,G4C,1,2026-08-09 16:49
4068822568869,G4B,3,2026-08-09 15:55
4068822568869,K3A,1,2026-08-07 19:05
4068822568876,G4B,5,2026-08-09 15:55
4068822568883,G4B,1,2026-08-09 15:56
4068822584463,C2E,1,2026-08-07 13:29
4068822584517,C2E,1,2026-08-07 13:29
4068822588140,C2E,1,2026-08-07 13:29
4068822595704,G4C,2,2026-08-09 16:50
4068822596510,G4B,1,2026-08-09 15:50
4068822605724,G3F,2,2026-08-09 13:19
4068822605748,G3F,2,2026-08-09 13:19
4068822605779,G3F,1,2026-08-09 13:16
4068822627702,G4B,1,2026-08-09 15:37
4068822631389,G4B,1,2026-08-09 15:37
4068822662864,G4A,1,2026-08-09 13:28
4068822662956,G4A,1,2026-08-09 13:28
4068822689618,G4C,1,2026-08-09 16:24
4068822693325,G4C,1,2026-08-09 16:24
4068822693608,G4A,1,2026-08-09 13:26
4068822693677,G4A,1,2026-08-09 13:26
4068822707916,C6D,2,2026-08-07 18:06
4068822735032,G4A,1,2026-08-09 13:23
4068822735049,G4A,2,2026-08-09 13:23
4068822735087,G4A,2,2026-08-09 13:24
4068822745543,G4A,1,2026-08-09 13:24
4068822763226,G4B,1,2026-08-09 15:47
4068822767811,G4B,1,2026-08-09 15:46
4068822772921,G4A,1,2026-08-09 13:25
4068822787932,G4A,1,2026-08-09 13:24
4068822961103,E5D,1,2026-08-08 14:48
4068822961103,J4D,1,2026-08-08 16:27
4068822961165,E5D,1,2026-08-08 14:48
4068822961172,E5D,1,2026-08-08 14:48
4068822961196,B6B,2,2026-08-07 12:29
4069987065415,Q1,2,2026-08-03 14:43
4069987065446,Q1,2,2026-08-03 14:43
4069987065477,Q1,2,2026-08-03 14:43
4069987065491,Q1,1,2026-08-03 14:43
4069987065514,Q1,1,2026-08-03 14:43
4069987069130,Q1,1,2026-08-03 14:43
4069987069185,Q1,1,2026-08-03 14:43
4069987113758,P4,1,2026-08-03 14:39
4069987135958,R2,2,2026-08-05 11:09
4069987135965,R2,1,2026-08-05 11:09
4069987135972,R2,1,2026-08-05 11:09
4069987135989,R2,2,2026-08-05 11:09
4069987135996,R2,1,2026-08-05 11:09
4069987136009,R2,1,2026-08-05 11:09
4069987136061,R2,2,2026-08-05 11:09
4069987136078,R2,1,2026-08-05 11:09
4069987139680,R2,2,2026-08-05 11:10
4069987139710,R2,1,2026-08-05 11:09
4069987143755,R2,1,2026-08-05 11:10
4069987147364,R2,2,2026-08-05 11:10
4069987147371,R2,1,2026-08-05 11:10
4069987147401,R2,2,2026-08-05 11:10
4069987147418,R2,2,2026-08-05 11:10
4069987147487,S5,1,2026-08-06 22:29
4069987147494,R2,1,2026-08-05 11:10
4069987147524,R2,1,2026-08-05 11:10
4069987147531,R2,1,2026-08-05 11:10
4069987232343,Q5,1,2026-08-03 15:11
4069987232350,Q5,1,2026-08-03 15:11
4069987232411,Q5,1,2026-08-03 15:13
4069987232442,Q5,2,2026-08-03 15:13
4069987522895,P2,2,2026-08-03 14:38
4069987522901,P2,2,2026-08-03 14:38
4069987522918,P2,1,2026-08-03 14:38
4069987522932,P2,1,2026-08-03 14:38
4069987526589,P2,2,2026-08-03 14:38
4069987526602,P2,1,2026-08-03 14:38
4069987709227,P2,1,2026-08-03 14:38
4069987709777,P2,2,2026-08-03 14:38
4069987709791,P2,3,2026-08-03 14:38
4069987709807,P2,2,2026-08-03 14:38
4069987709807,P5,1,2026-08-03 14:41
4069987709814,P5,2,2026-08-03 14:41
4069987765490,P4,1,2026-08-03 14:39
4069987765490,W2,1,2026-08-03 14:08
4069987765513,P4,3,2026-08-03 14:39
4069987765551,P4,4,2026-08-03 14:39
4069987765568,P4,2,2026-08-03 14:39
4069987765568,W2,1,2026-08-03 14:08
4069987765605,P4,2,2026-08-03 14:39
4069987803031,Q5,4,2026-08-03 15:13
4069987803055,Q5,1,2026-08-03 15:12
4069987803062,Q5,3,2026-08-03 15:13
4069987803093,Q5,2,2026-08-03 15:13
4069987803116,Q5,3,2026-08-03 15:12
4069987803123,Q5,1,2026-08-03 15:13
4069987803154,Q5,3,2026-08-03 15:13
4069987804144,Q5,2,2026-08-03 15:12
4069987804151,Q5,1,2026-08-03 15:13
4069987804182,Q5,3,2026-08-03 15:13
4069987840036,Q5,1,2026-08-03 15:13
4069987840043,Q5,2,2026-08-03 15:11
4069987840067,Q5,1,2026-08-03 15:13
4069987840081,Q5,1,2026-08-03 15:11
4069987840104,Q5,4,2026-08-03 15:13
4069987841804,Q5,4,2026-08-03 15:12
4069987841811,Q5,3,2026-08-03 15:13
4069987841835,Q5,4,2026-08-03 15:11
4069987841842,Q4,1,2026-08-03 15:08
4069987841842,Q5,2,2026-08-03 15:13
4069987871450,R2,1,2026-08-05 11:10
4069987871467,R2,1,2026-08-05 11:10
4069987871481,R2,2,2026-08-05 11:10
4069987871504,R2,2,2026-08-05 11:10
4069987871528,R2,1,2026-08-05 11:10
4069987871542,R2,1,2026-08-05 11:10
4069987871566,R2,2,2026-08-05 11:10
4069987872105,R2,1,2026-08-05 11:10
4069989235441,J4A,2,2026-08-08 15:53
4069989235465,J4A,2,2026-08-08 15:53
4069994681998,E5B,2,2026-08-08 14:25
4069994682018,E5B,4,2026-08-08 14:26
4069994685644,E5B,1,2026-08-08 14:25
4069994724411,E5B,1,2026-08-08 14:26
4069994724428,E5B,1,2026-08-08 14:27
4069994724428,E5D,1,2026-08-08 14:47
4069994724480,E5B,3,2026-08-08 14:26
4069994724497,E5B,1,2026-08-08 14:26
4069995520357,H2,2,2026-08-07 11:37
4069995520364,H2,2,2026-08-07 11:37
4069995520388,H2,1,2026-08-07 11:37
4069995520395,H2,2,2026-08-07 11:37
4069995520401,H2,1,2026-08-07 11:37
4069995520418,H2,1,2026-08-07 11:37
4069995520517,H2,2,2026-08-07 11:37
4069995520524,H2,2,2026-08-07 11:37
4069995520579,H2,2,2026-08-07 11:37
4069996149656,J4B,3,2026-08-08 15:56
4069996153387,J4B,1,2026-08-08 15:56
4069996153417,J4B,1,2026-08-08 15:56
4069996355781,G4E,1,2026-08-09 17:58
4069996359543,G4E,4,2026-08-09 17:58
4069996359574,G4E,2,2026-08-09 17:58
4069996418479,J4B,4,2026-08-08 15:55
4069996418486,J4B,1,2026-08-08 15:55
4069996422155,J4B,1,2026-08-08 15:55
4069996551886,G4D,4,2026-08-09 17:21
4069996551923,G4D,1,2026-08-09 17:21
4069996552692,G4D,3,2026-08-09 17:21
4069996563377,G4E,2,2026-08-09 17:56
4069996563407,G4E,1,2026-08-09 17:56
4069996563421,G4E,4,2026-08-09 17:56
4069996693258,G4C,2,2026-08-09 17:00
4069996693289,G4C,2,2026-08-09 16:59
4069996697034,G4C,3,2026-08-09 17:04
4364887714228,C2D,1,2026-08-07 13:07
4433894839559,F3B,1,2026-08-10 12:30
4434906211264,C6C,1,2026-08-07 17:51
4447891115646,C2E,1,2026-08-07 13:29
4448808712606,C2E,1,2026-08-07 13:28
4448821429987,F5A,1,2026-08-10 18:40
4893980584600,T5,1,2026-08-05 11:30
5063719447950,T5,1,2026-08-05 11:24
4068822961165,C4A,1,2026-08-10 19:36
4067896568997,H3A,1,2026-08-11 14:06
4067896569024,H3A,1,2026-08-11 14:06
4067896568966,H3A,2,2026-08-11 14:06
4067893081314,H3A,1,2026-08-11 14:08
4067893081222,H3A,1,2026-08-11 14:08
4067891754487,H3A,1,2026-08-11 14:10
4067901741391,H3A,1,2026-08-11 14:11
4067901336931,H3A,2,2026-08-11 14:14
4067901336818,H3A,1,2026-08-11 14:13
4067901336825,H3A,1,2026-08-11 14:14
4067901336795,H3A,1,2026-08-11 14:14
4067905921256,H3B,1,2026-08-11 14:16
4067905921263,H3B,1,2026-08-11 14:16
4067896369891,H3B,2,2026-08-11 14:18
4067896369822,H3B,1,2026-08-11 14:18
4067896373546,H3B,2,2026-08-11 14:19
4067891499050,H3B,1,2026-08-11 14:19
4068811066765,H3C,6,2026-08-11 14:24
4068811066727,H3C,8,2026-08-11 14:25
4068811066703,H3C,4,2026-08-11 14:25
4068811066680,H3C,5,2026-08-11 14:25
4068811066734,H3C,6,2026-08-11 14:25
4068811846541,H3B,3,2026-08-11 14:31
4068811846503,H3B,5,2026-08-11 14:31
4068811850166,H3B,8,2026-08-11 16:33
4068811846480,H3B,4,2026-08-11 16:32
4068811846534,H3B,7,2026-08-11 14:31
4068811968717,H3D,2,2026-08-11 16:36
4068809811490,H3D,7,2026-08-11 16:40
4068809811537,H3D,4,2026-08-11 16:40
4068809811506,H3D,3,2026-08-11 16:40
4068809811520,H3D,5,2026-08-11 16:39
7068349811520,H3D,1,2026-08-11 16:39
4068808656061,H3D,4,2026-08-11 18:59
4068808656092,H3D,7,2026-08-11 18:59
4068808656078,H3D,10,2026-08-11 18:58
4068808656054,H3D,10,2026-08-11 18:58
4068808656085,H3D,1,2026-08-11 18:56
4068815510622,H4A,2,2026-08-11 19:20
4068815510486,H4A,1,2026-08-11 19:20
4068815920780,H4A,6,2026-08-11 19:21
4068815920834,H4A,5,2026-08-11 19:21
4068815920865,H4A,1,2026-08-11 19:20
4068815920872,H4A,2,2026-08-11 19:21
4067891597404,H4A,1,2026-08-11 19:23
4067891601163,H4A,2,2026-08-11 19:26
4067891601200,H4A,2,2026-08-11 19:26
4067891601354,H4A,1,2026-08-11 19:25
4068815500739,H4A,5,2026-08-11 19:33
4068815500869,H4A,4,2026-08-11 19:33
4068805995385,H4A,8,2026-08-11 19:38
4068805995347,H4A,1,2026-08-11 19:37
4068805995408,H4A,6,2026-08-11 19:38
4068815500791,H4B,1,2026-08-11 19:41
4068814498969,H4B,1,2026-08-11 19:41
4068805995408,H4B,3,2026-08-11 19:43
4068805995385,H4B,3,2026-08-11 19:43
4068805995347,H4B,1,2026-08-11 19:43
4068805876639,H4B,2,2026-08-11 19:45
4067891124488,G4F,1,2026-08-13 11:32
4067891120602,G4F,4,2026-08-13 11:32
4067891124426,G4F,2,2026-08-13 11:32
4067891124334,G4F,1,2026-08-13 11:32
4067887536530,G4F,2,2026-08-13 11:33
4067887536493,G4F,4,2026-08-13 11:33
4067887536653,G4F,2,2026-08-13 11:33
4067901910452,G4F,2,2026-08-13 11:50
4067901910407,G4F,4,2026-08-13 11:50
4067901910469,G4F,2,2026-08-13 11:50
4067891116674,G4F,1,2026-08-13 11:51
4067891116636,G4F,4,2026-08-13 11:51
4067891116742,G4F,2,2026-08-13 11:51
4067891120466,G4F,1,2026-08-13 11:51
4067887542999,G4F,1,2026-08-13 11:52
4067887543088,G4F,4,2026-08-13 11:52
4067887543132,G4F,2,2026-08-13 11:52
4067887543118,G4F,1,2026-08-13 11:52
4069996394346,G4F,1,2026-08-13 11:56
4069996394438,G4F,4,2026-08-13 11:56
4069996394421,G4F,2,2026-08-13 11:56
4069996394469,G4F,1,2026-08-13 11:56
4068817123141,G5A,1,2026-08-13 12:00
4068817123097,G5A,4,2026-08-13 12:00
4068817123080,G5A,2,2026-08-13 12:00
4068817123066,G5A,1,2026-08-13 12:00
4068804667740,G5A,2,2026-08-13 12:01
4068804667689,G5A,4,2026-08-13 12:01
4068804667702,G5A,1,2026-08-13 12:01
4068804667665,G5A,1,2026-08-13 12:01
4069996743687,G5A,2,2026-08-13 12:01
4069996743618,G5A,1,2026-08-13 12:02
4069996743595,G5A,4,2026-08-13 12:02
4069996743588,G5A,1,2026-08-13 12:02
4069993395322,G5A,1,2026-08-13 12:02
4069993395391,G5A,1,2026-08-13 12:02
4069993399115,G5A,1,2026-08-13 12:03
4069993399092,G5A,1,2026-08-13 12:03
4069993417451,G5A,1,2026-08-13 12:08
4069993418311,G5A,1,2026-08-13 12:09
1002993418298,G5A,1,2026-08-13 12:09
4069996378308,G5A,1,2026-08-13 12:09
4069996378254,G5A,1,2026-08-13 12:09
4069992866090,G5A,1,2026-08-13 12:10
4069992866083,G5A,1,2026-08-13 12:11
4069992866069,G5A,1,2026-08-13 12:11
4069992866076,G5A,1,2026-08-13 12:11
4069996651067,G5A,1,2026-08-13 12:11
4069996650985,G5A,4,2026-08-13 12:11
4069996654679,G5A,2,2026-08-13 12:11
4069996650992,G5A,1,2026-08-13 12:11
4069996597525,G5A,1,2026-08-13 12:11
4069996597310,G5A,2,2026-08-13 12:11
4069996593619,G5A,2,2026-08-13 12:12
4069996593664,G5A,1,2026-08-13 12:12
4069996643628,G5A,3,2026-08-13 12:12
4069996643581,G5A,4,2026-08-13 12:12
4069996643598,G5A,1,2026-08-13 12:12
4068817209081,G5B,1,2026-08-13 12:36
4068817209197,G5B,4,2026-08-13 12:36
4068817202020,G5B,2,2026-08-13 12:36
4069996386648,G5B,4,2026-08-13 12:37
4069996386662,G5B,1,2026-08-13 12:37
4069996386631,G5B,1,2026-08-13 12:37
4069996382954,G5B,2,2026-08-13 12:37
4067893104136,G5B,2,2026-08-13 12:37
4067893104112,G5B,4,2026-08-13 12:37
4067893104150,G5B,1,2026-08-13 12:37
4067893104167,G5B,1,2026-08-13 12:37
4068817080895,G5B,1,2026-08-13 12:38
4068817080741,G5B,3,2026-08-13 12:38
4068817080826,G5B,3,2026-08-13 12:38
4069996405745,G5B,3,2026-08-13 12:38
4069996716124,G5B,2,2026-08-13 12:39
4069996716179,G5B,1,2026-08-13 12:39
4069996405721,G5B,1,2026-08-13 12:39
4069996686403,G5C,4,2026-08-13 12:53
4069996682672,G5C,1,2026-08-13 12:53
4069996682740,G5C,2,2026-08-13 12:53
4069996686502,G5C,1,2026-08-13 12:53
4068822682541,G5C,4,2026-08-13 12:53
4068822682534,G5C,2,2026-08-13 12:53
4068822678858,G5C,2,2026-08-13 12:53
4069996819283,G5C,3,2026-08-13 12:54
4069996819863,G5C,3,2026-08-13 12:54
4069996819849,G5C,1,2026-08-13 12:54
4069996819801,G5C,5,2026-08-13 12:55
4069993418311,G5C,2,2026-08-13 12:55
4069993417468,G5C,2,2026-08-13 12:55
4069992866069,G5C,3,2026-08-13 12:55
4069992866083,G5C,1,2026-08-13 12:55
4069992866076,G5C,7,2026-08-13 12:56
4069992866090,G5C,3,2026-08-13 12:56
4068804640606,G5D,4,2026-08-13 12:57
4068804640682,G5D,2,2026-08-13 12:57
4068804640613,G5D,2,2026-08-13 12:57
4069996382046,G5D,2,2026-08-13 12:58
4069996382060,G5D,4,2026-08-13 12:58
4069996382077,G5D,2,2026-08-13 12:58
4067887542708,G5D,2,2026-08-13 13:21
4067887539791,G5D,3,2026-08-13 13:19
4067887539678,G5D,2,2026-08-13 13:19
4067891135811,G5D,3,2026-08-13 13:20
4067891132117,G5D,1,2026-08-13 13:20
4067891135910,G5D,1,2026-08-13 13:20
4067891135781,G5D,1,2026-08-13 13:20
4067891132032,G5D,4,2026-08-13 13:21
4067891132001,G5D,1,2026-08-13 13:21
4067887551229,G5D,2,2026-08-13 13:21
4067891128271,G5D,2,2026-08-13 13:21
4067887542869,G5D,2,2026-08-13 13:21
4067891128158,G5D,1,2026-08-13 13:21
4067887551199,G5D,4,2026-08-13 13:21
4069993395391,G5D,3,2026-08-13 13:22
4069993399115,G5D,2,2026-08-13 13:23
4069993417451,G5D,2,2026-08-13 13:23
4069993418311,G5D,2,2026-08-13 13:23
4069996378247,G5D,2,2026-08-13 13:23
4069996374485,G5D,2,2026-08-13 13:23
4069996378254,G5D,4,2026-08-13 13:23
4069996528949,G5D,2,2026-08-13 13:25
4069996528178,G5D,4,2026-08-13 13:25
4069996528161,G5D,1,2026-08-13 13:25
4067887357425,G5D,4,2026-08-13 13:25
4067887357623,G5D,2,2026-08-13 13:25
4067887357487,G5D,2,2026-08-13 13:25
