CodigoLimpio,Ubicacion,Cantidad,Fecha
4059809046173,V1,10,2026-08-02 19:30
4059809046173,V2,5,2026-08-02 19:56
4059809046258,V1,4,2026-08-02 19:30
4059809046258,V2,4,2026-08-02 19:56
4059809046258,V3,1,2026-08-03 14:00
4059809047095,S2,1,2026-08-02 17:23
4059809047095,V1,11,2026-08-02 19:31
4059809047095,V2,2,2026-08-02 19:55
4059809047118,V1,5,2026-08-02 19:27
4059809047118,V2,1,2026-08-02 19:56
4059809047132,V1,2,2026-08-02 19:31
4059809047132,V2,4,2026-08-02 19:56
4059809047163,U2,1,2026-08-02 18:28
4059809047163,V1,2,2026-08-02 19:29
4059809047170,V1,3,2026-08-02 19:30
4059809047170,V2,13,2026-08-02 19:56
4059809047187,V1,7,2026-08-02 19:30
4059809047187,V2,4,2026-08-02 19:56
4059811985736,V2,6,2026-08-02 19:54
4059811988461,V2,6,2026-08-02 19:56
4059811988485,V2,2,2026-08-02 19:50
4059811988485,V3,3,2026-08-03 14:00
4059811988522,V2,3,2026-08-02 19:53
4059811988546,V3,1,2026-08-03 14:00
4059811988560,V2,9,2026-08-02 19:56
4059811988584,V2,7,2026-08-02 19:55
4059811988584,V3,1,2026-08-03 14:00
4059811988607,V2,10,2026-08-02 19:54
4059811988607,V3,1,2026-08-03 14:00
4059811988614,V1,1,2026-08-02 19:26
4059811988614,V2,7,2026-08-02 19:53
4060509397212,T5,8,2026-08-05 11:29
4060509397229,T4,1,2026-08-05 11:20
4060509397229,T5,2,2026-08-05 11:28
4060509397236,T4,2,2026-08-05 11:20
4060509397236,T5,2,2026-08-05 11:24
4060509397243,T5,1,2026-08-05 11:28
4060509397274,T4,2,2026-08-05 11:20
4060509397274,T5,5,2026-08-05 11:29
4060509397304,T5,6,2026-08-05 11:29
4060509397328,T4,2,2026-08-05 11:20
4060509397359,T5,4,2026-08-05 11:27
4060509397366,T4,3,2026-08-05 11:20
4060509397366,T5,1,2026-08-05 11:24
4060509397793,T4,1,2026-08-05 11:20
4060509397793,T5,2,2026-08-05 11:28
4060509397847,T4,3,2026-08-05 11:20
4060509397847,T5,2,2026-08-05 11:29
4060512030304,T4,1,2026-08-05 11:19
4060512030304,T5,2,2026-08-05 11:29
4060512030311,T5,5,2026-08-05 11:28
4060512030328,T4,1,2026-08-05 11:19
4060512030328,T5,3,2026-08-05 11:29
4060512030373,T5,4,2026-08-05 11:29
4062051411415,U1,2,2026-08-02 18:26
4062051411460,U1,4,2026-08-02 18:25
4062051411514,U1,3,2026-08-02 18:25
4062051411538,U1,2,2026-08-02 18:25
4062051411545,U1,1,2026-08-02 18:25
4062051411590,U1,1,2026-08-02 18:25
4062055561406,T5,1,2026-08-05 11:25
4062055565268,T5,2,2026-08-05 11:29
4062055565275,T5,2,2026-08-05 11:30
4062055565299,T5,2,2026-08-05 11:30
4062055565305,T5,2,2026-08-05 11:30
4064053874335,S2,1,2026-08-02 17:23
4065418273459,T5,1,2026-08-05 11:24
4065418277174,T5,1,2026-08-05 11:28
4065418994453,U6,1,2026-08-02 19:12
4065418998079,U6,1,2026-08-02 19:12
4065418998109,U6,1,2026-08-02 19:12
4065418998123,U1,1,2026-08-02 18:26
4065418998178,U6,1,2026-08-02 19:12
4065419341119,T5,2,2026-08-05 11:29
4065419399318,T5,2,2026-08-05 11:28
4065419399356,T5,6,2026-08-05 11:27
4065419848847,T4,1,2026-08-05 11:20
4065419848847,T5,3,2026-08-05 11:30
4065419852486,T5,1,2026-08-05 11:30
4065426233940,W3,2,2026-08-03 14:10
4065426233971,V6,1,2026-08-03 14:05
4065426234084,W3,3,2026-08-03 14:10
4066746167755,T5,5,2026-08-05 11:28
4066746167762,T5,2,2026-08-05 11:30
4066746167779,T5,2,2026-08-05 11:30
4066746167786,T5,1,2026-08-05 11:30
4066746167809,T4,2,2026-08-05 11:21
4066746167809,T5,7,2026-08-05 11:30
4066746167816,T4,1,2026-08-05 11:21
4066746167816,T5,4,2026-08-05 11:30
4066746167878,T4,3,2026-08-05 11:20
4066748241347,S2,1,2026-08-02 17:23
4066748489923,Q1,4,2026-08-03 14:43
4066748493579,Q1,3,2026-08-03 14:43
4066748532070,Q1,2,2026-08-03 14:43
4066748532094,Q1,1,2026-08-03 14:43
4066748546725,U2,2,2026-08-02 18:29
4066748546732,U2,2,2026-08-02 18:29
4066748546763,U2,3,2026-08-02 18:29
4066748546787,U2,1,2026-08-02 18:28
4066748546817,U2,2,2026-08-02 18:29
4066748550470,U2,2,2026-08-02 18:29
4066748550487,U2,2,2026-08-02 18:29
4066748638345,P1,1,2026-08-03 14:35
4066748954407,U2,1,2026-08-02 18:28
4066748954476,U5,1,2026-08-02 19:08
4066749534509,T5,6,2026-08-05 11:30
4066749534509,U6,1,2026-08-02 19:12
4066749534516,T4,3,2026-08-05 11:20
4066749534516,T5,2,2026-08-05 11:29
4066749534523,T5,1,2026-08-05 11:30
4066749534547,T5,3,2026-08-05 11:30
4066749534592,T5,2,2026-08-05 11:30
4066749534615,T5,2,2026-08-05 11:30
4066755501397,P6,1,2026-08-03 14:42
4066755501410,V4,2,2026-08-03 14:04
4066756052744,X1,1,2026-08-03 14:21
4066756056445,X1,1,2026-08-03 14:21
4066756056469,X1,1,2026-08-03 14:21
4066756063146,Q6,1,2026-08-03 15:16
4066756078355,P3,1,2026-08-03 14:39
4066756118020,T3,1,2026-08-02 18:21
4066756483869,U6,3,2026-08-02 19:13
4066756483876,U6,2,2026-08-02 19:13
4066756522063,X2,1,2026-08-03 14:29
4066756525729,X3,1,2026-08-03 14:33
4066756525736,X3,1,2026-08-03 14:33
4066756525767,X3,1,2026-08-03 14:33
4066756576783,R2,1,2026-08-05 11:09
4066756602178,Q6,1,2026-08-03 15:16
4066759018259,U6,1,2026-08-02 19:11
4066759041240,U5,2,2026-08-02 19:07
4066759041264,V3,1,2026-08-03 14:00
4066759041318,U5,1,2026-08-02 19:05
4066759044944,U1,1,2026-08-02 18:25
4066759044944,U5,1,2026-08-02 19:08
4066759044999,U5,1,2026-08-02 19:05
4066759045026,U5,1,2026-08-02 19:05
4066759045033,U5,2,2026-08-02 19:05
4066759174740,V3,3,2026-08-03 14:01
4066759174795,V3,1,2026-08-03 14:00
4066759447950,T5,3,2026-08-05 11:26
4066759447981,T4,1,2026-08-05 11:20
4066759447981,T5,1,2026-08-05 11:26
4066759448025,T4,3,2026-08-05 11:21
4066759448025,T5,1,2026-08-05 11:30
4066759448032,T4,1,2026-08-05 11:20
4066759448032,T5,1,2026-08-05 11:26
4066761305071,X2,1,2026-08-03 14:28
4066761305101,W3,1,2026-08-03 14:10
4066761305118,X2,1,2026-08-03 14:28
4066761305125,X2,1,2026-08-03 14:28
4066761305156,X2,1,2026-08-03 14:29
4066761305163,V6,1,2026-08-03 14:05
4066761305163,X2,1,2026-08-03 14:29
4066761305187,X2,1,2026-08-03 14:28
4066762463084,Q6,1,2026-08-03 15:16
4066762588565,W3,1,2026-08-03 14:10
4066765029874,T5,1,2026-08-05 11:27
4066765029881,T5,1,2026-08-05 11:28
4066765202871,W2,1,2026-08-03 14:08
4066765206596,T2,1,2026-08-02 18:17
4066765279286,W6,1,2026-08-03 14:12
4066765416711,X2,1,2026-08-03 14:29
4066765416728,X2,2,2026-08-03 14:29
4066765416735,X2,3,2026-08-03 14:29
4066765416742,X2,1,2026-08-03 14:29
4066765416759,X2,1,2026-08-03 14:29
4066765416766,W5,1,2026-08-05 11:36
4066765416766,X2,1,2026-08-03 14:29
4066765416773,X2,2,2026-08-03 14:29
4066765416797,X2,1,2026-08-03 14:28
4066765420428,X2,1,2026-08-03 14:29
4066765863249,V3,1,2026-08-03 14:00
4066765863300,V3,1,2026-08-03 14:00
4066765874726,U6,1,2026-08-02 19:14
4066765874726,V3,3,2026-08-03 14:00
4066765874788,V3,3,2026-08-03 14:01
4066765874825,V3,7,2026-08-03 14:01
4066765874832,U1,1,2026-08-02 18:26
4066765874856,V3,3,2026-08-03 14:00
4067886695269,T3,1,2026-08-02 18:21
4067886702745,T2,1,2026-08-02 18:17
4067888008296,R4,1,2026-08-05 11:13
4067888008302,T3,1,2026-08-02 18:21
4067888008319,S5,1,2026-08-02 17:59
4067888008340,R2,1,2026-08-05 11:10
4067888008340,S5,1,2026-08-02 18:00
4067888008371,S5,1,2026-08-02 17:59
4067888008531,Q4,1,2026-08-03 15:10
4067888008548,T3,1,2026-08-02 18:21
4067888012279,R1,1,2026-08-05 11:11
4067888023770,T2,1,2026-08-02 18:17
4067888023909,S2,1,2026-08-02 17:23
4067888108354,R4,1,2026-08-05 11:13
4067888108385,S4,1,2026-08-02 17:54
4067888116069,S5,1,2026-08-02 17:58
4067888116069,T3,1,2026-08-02 18:21
4067888308136,U6,1,2026-08-02 19:14
4067888308150,U6,1,2026-08-02 19:13
4067888308167,U6,1,2026-08-02 19:13
4067888308242,U6,1,2026-08-02 19:14
4067888308273,U5,1,2026-08-02 19:04
4067888308273,U6,1,2026-08-02 19:14
4067888308280,U6,1,2026-08-02 19:13
4067888308310,U6,2,2026-08-02 19:15
4067888458480,S2,1,2026-08-02 17:23
4067888525298,U5,1,2026-08-02 19:04
4067888525304,U6,1,2026-08-02 19:15
4067888701692,U5,1,2026-08-02 19:07
4067888701715,U2,1,2026-08-02 18:28
4067888701777,U6,1,2026-08-02 19:12
4067888701883,U5,1,2026-08-02 19:07
4067888701913,U6,1,2026-08-02 19:11
4067888706734,U6,1,2026-08-02 19:15
4067888706765,U6,2,2026-08-02 19:15
4067888706826,U6,1,2026-08-02 19:15
4067888706833,U6,1,2026-08-02 19:15
4067888706864,U6,1,2026-08-02 19:11
4067888706888,U6,1,2026-08-02 19:15
4067888721188,R2,1,2026-08-05 11:09
4067888721225,S4,3,2026-08-02 17:55
4067888721249,S4,2,2026-08-02 17:55
4067888734812,Q6,1,2026-08-03 15:16
4067888856712,S2,1,2026-08-02 17:23
4067888921823,U6,2,2026-08-02 19:15
4067888922691,U5,1,2026-08-02 19:07
4067888922714,U6,1,2026-08-02 19:14
4067888922806,U6,1,2026-08-02 19:12
4067888922875,U6,1,2026-08-02 19:14
4067888922882,U6,1,2026-08-02 19:14
4067888922899,U6,1,2026-08-02 19:15
4067889003641,X2,1,2026-08-03 14:28
4067889003696,X2,1,2026-08-03 14:28
4067889007663,X2,2,2026-08-03 14:29
4067889007694,X2,2,2026-08-03 14:29
4067889011332,X2,1,2026-08-03 14:29
4067889011370,X2,1,2026-08-03 14:29
4067889015200,X2,2,2026-08-03 14:29
4067889015217,X2,1,2026-08-03 14:28
4067889015279,X1,1,2026-08-03 14:21
4067889015279,X2,1,2026-08-03 14:28
4067889015293,X2,2,2026-08-03 14:28
4067889015323,X2,1,2026-08-03 14:28
4067889037745,S5,1,2026-08-02 17:59
4067889077536,R1,2,2026-08-05 11:11
4067889080130,S2,1,2026-08-02 17:23
4067889081168,R1,2,2026-08-05 11:11
4067889081199,R1,3,2026-08-05 11:11
4067889081229,R1,1,2026-08-05 11:11
4067889081298,T3,1,2026-08-02 18:22
4067889096049,R1,1,2026-08-05 11:11
4067889148410,V6,1,2026-08-03 14:05
4067889172521,X2,1,2026-08-03 14:28
4067889172552,X2,2,2026-08-03 14:28
4067889172606,X2,2,2026-08-03 14:29
4067889202020,W4,1,2026-08-03 14:11
4067889202044,W4,2,2026-08-03 14:11
4067889202051,W4,1,2026-08-03 14:11
4067889202853,W4,2,2026-08-03 14:11
4067889486130,V4,1,2026-08-03 14:04
4067889486208,V4,1,2026-08-03 14:04
4067889497549,V3,1,2026-08-03 14:00
4067889519708,R4,1,2026-08-05 11:13
4067889519739,R2,1,2026-08-05 11:09
4067889519760,R2,1,2026-08-05 11:09
4067889519777,R2,3,2026-08-05 11:09
4067889519784,R2,2,2026-08-05 11:09
4067889539089,R2,1,2026-08-05 11:09
4067889542720,R2,3,2026-08-05 11:09
4067889542775,R2,2,2026-08-05 11:09
4067889542799,R2,2,2026-08-05 11:09
4067889652382,R2,1,2026-08-05 11:10
4067889663821,X3,2,2026-08-03 14:33
4067889663852,X3,3,2026-08-03 14:33
4067889667508,V6,1,2026-08-03 14:05
4067889669434,S2,1,2026-08-02 17:23
4067889674971,R4,1,2026-08-05 11:13
4067889689159,X3,1,2026-08-03 14:33
4067889689180,S2,1,2026-08-02 17:23
4067889754185,U5,1,2026-08-02 19:08
4067892188175,S2,1,2026-08-02 17:23
4067892188175,T4,1,2026-08-05 11:19
4067892212474,U2,1,2026-08-02 18:29
4067892213945,U2,2,2026-08-02 18:29
4067892213969,U2,2,2026-08-02 18:29
4067892213969,U4,1,2026-08-02 19:02
4067892213976,U2,1,2026-08-02 18:29
4067892213976,X3,1,2026-08-03 14:33
4067892214003,U2,1,2026-08-02 18:29
4067892214041,U2,3,2026-08-02 18:29
4067892289193,Q5,1,2026-08-03 15:12
4067892309464,X1,1,2026-08-03 14:21
4067892309488,W4,1,2026-08-03 14:11
4067892309518,W4,2,2026-08-03 14:11
4067892309716,R4,1,2026-08-05 11:13
4067892313157,R4,3,2026-08-05 11:13
4067892313201,R4,2,2026-08-05 11:13
4067892313218,R2,2,2026-08-05 11:09
4067892313225,R4,1,2026-08-05 11:13
4067892333568,W3,1,2026-08-03 14:10
4067892335661,X1,2,2026-08-03 14:21
4067892335685,W3,1,2026-08-03 14:09
4067892336774,R2,1,2026-08-05 11:09
4067892340429,T3,2,2026-08-02 18:22
4067892340436,T3,1,2026-08-02 18:22
4067892350510,Q5,1,2026-08-03 15:11
4067892350558,Q5,1,2026-08-03 15:11
4067892350589,Q5,1,2026-08-03 15:11
4067892350596,Q5,2,2026-08-03 15:11
4067892362063,Q5,1,2026-08-03 15:12
4067892406422,X3,1,2026-08-03 14:32
4067892406606,U1,1,2026-08-02 18:26
4067892410078,T3,1,2026-08-02 18:21
4067892410085,R1,1,2026-08-05 11:11
4067892410085,T3,1,2026-08-02 18:21
4067892410092,R1,1,2026-08-05 11:11
4067892410092,T3,1,2026-08-02 18:21
4067892820419,S2,1,2026-08-02 17:23
4067892835307,R4,1,2026-08-05 11:13
4067892835390,R4,1,2026-08-05 11:13
4067892839053,W6,1,2026-08-03 14:12
4067892842732,P5,1,2026-08-03 14:41
4067892858221,X3,1,2026-08-03 14:32
4067892858269,W6,1,2026-08-03 14:12
4067892858276,X3,1,2026-08-03 14:33
4067892858306,X3,1,2026-08-03 14:32
4067892858313,P1,1,2026-08-03 14:35
4067892858313,V4,1,2026-08-03 14:04
4067892858320,X3,2,2026-08-03 14:32
4067897155110,U6,1,2026-08-02 19:12
4067897217993,U4,1,2026-08-02 19:02
4067897217993,U5,1,2026-08-02 19:07
4067897218006,U5,1,2026-08-02 19:07
4067897218037,U5,4,2026-08-02 19:08
4067897225929,V1,2,2026-08-02 19:31
4067897225936,V1,2,2026-08-02 19:31
4067897225950,V1,3,2026-08-02 19:31
4067897225981,V1,1,2026-08-02 19:28
4067897225981,V3,1,2026-08-03 14:01
4067897225998,V1,1,2026-08-02 19:32
4067897226001,V1,2,2026-08-02 19:25
4067897226025,V1,1,2026-08-02 19:25
4067897226049,V2,1,2026-08-02 19:54
4067897226063,V1,2,2026-08-02 19:31
4067897226063,V3,1,2026-08-03 14:00
4067897226070,V1,1,2026-08-02 19:32
4067897240977,S4,2,2026-08-02 17:55
4067897241042,S4,3,2026-08-02 17:55
4067897241059,S4,3,2026-08-02 17:55
4067897241066,S4,1,2026-08-02 17:55
4067897241073,S4,1,2026-08-02 17:54
4067897241103,S4,2,2026-08-02 17:55
4067897241110,S4,1,2026-08-02 17:54
4067897241127,S4,2,2026-08-02 17:55
4067897241134,S4,1,2026-08-02 17:53
4067897241141,S4,1,2026-08-02 17:53
4067897241158,S5,1,2026-08-02 17:59
4067897241172,S4,1,2026-08-02 17:54
4067897241172,S5,1,2026-08-02 17:59
4067897276716,U5,1,2026-08-02 19:08
4067897279472,U5,1,2026-08-02 19:08
4067897282519,U2,1,2026-08-02 18:29
4067897282533,V3,1,2026-08-03 14:00
4067897356937,S4,2,2026-08-02 17:55
4067897356944,S4,3,2026-08-02 17:55
4067897356951,Q4,1,2026-08-03 15:10
4067897356975,S4,1,2026-08-02 17:54
4067897357002,S4,2,2026-08-02 17:55
4067897357040,S4,1,2026-08-02 17:53
4067897357064,S4,4,2026-08-02 17:54
4067897357101,S4,4,2026-08-02 17:55
4067897393628,P1,1,2026-08-03 14:36
4067897393680,P1,1,2026-08-03 14:36
4067897466520,V3,1,2026-08-03 14:00
4067897466544,V3,1,2026-08-03 14:01
4067897470183,Q5,1,2026-08-03 15:12
4067897470268,V3,1,2026-08-03 14:00
4067897516614,S4,2,2026-08-02 17:54
4067897516621,S4,3,2026-08-02 17:54
4067897516638,S4,1,2026-08-02 17:55
4067897516669,S4,1,2026-08-02 17:54
4067897516720,S4,3,2026-08-02 17:54
4067897553909,T3,1,2026-08-02 18:21
4067897638613,V3,2,2026-08-03 14:00
4067897641811,T1,1,2026-08-02 18:14
4067897641859,T1,1,2026-08-02 18:14
4067897641873,T1,3,2026-08-02 18:14
4067897641903,T1,2,2026-08-02 18:14
4067897641910,T1,2,2026-08-02 18:14
4067897642214,R2,1,2026-08-05 11:09
4067897642290,V3,1,2026-08-03 14:00
4067897763339,V6,1,2026-08-03 14:05
4067897779064,X1,2,2026-08-03 14:21
4067897782729,X1,1,2026-08-03 14:21
4067897782743,X1,1,2026-08-03 14:21
4067897782774,X1,1,2026-08-03 14:21
4067897898611,T2,1,2026-08-02 18:18
4067898039563,S2,1,2026-08-02 17:23
4067898054870,V3,1,2026-08-03 14:00
4067898073833,X2,2,2026-08-03 14:29
4067898073888,X1,1,2026-08-03 14:21
4067898073956,X2,1,2026-08-03 14:28
4067898079958,X1,1,2026-08-03 14:21
4067898079996,X1,2,2026-08-03 14:21
4067898080008,X1,2,2026-08-03 14:21
4067898080008,X2,1,2026-08-03 14:28
4067898081692,X1,1,2026-08-03 14:21
4067898081753,X1,3,2026-08-03 14:21
4067898509523,U2,1,2026-08-02 18:29
4067898509554,U2,1,2026-08-02 18:29
4067898775904,U4,3,2026-08-02 19:03
4067898779513,U4,2,2026-08-02 19:03
4067898779520,U4,2,2026-08-02 19:02
4067898779551,U5,1,2026-08-02 19:07
4067898779568,U4,2,2026-08-02 19:03
4067898779568,U5,1,2026-08-02 19:06
4067898779599,U4,1,2026-08-02 19:03
4067898779605,U4,1,2026-08-02 19:03
4067898779636,U5,1,2026-08-02 19:08
4067898779643,U4,3,2026-08-02 19:03
4067898779650,U4,1,2026-08-02 19:03
4067898779667,U4,2,2026-08-02 19:03
4067898779698,U4,1,2026-08-02 19:03
4067898779711,U4,2,2026-08-02 19:03
4067898779711,U5,1,2026-08-02 19:04
4067898779742,Q5,2,2026-08-03 15:14
4067898783367,Q5,2,2026-08-03 15:14
4067898783398,Q5,1,2026-08-03 15:12
4067898783398,U4,1,2026-08-02 19:02
4067898783411,U5,1,2026-08-02 19:07
4067898783428,U2,1,2026-08-02 18:29
4067898783459,U5,3,2026-08-02 19:06
4067898783466,U5,1,2026-08-02 19:06
4067898783473,Q5,1,2026-08-03 15:14
4067898783473,U5,1,2026-08-02 19:06
4067898783497,X3,2,2026-08-03 14:32
4067898783510,Q5,1,2026-08-03 15:14
4067898783527,X3,3,2026-08-03 14:32
4067898783541,U6,2,2026-08-02 19:14
4067898783558,U6,2,2026-08-02 19:13
4067898783565,U4,2,2026-08-02 19:02
4067898783572,U6,2,2026-08-02 19:14
4067898783589,U6,2,2026-08-02 19:13
4067898787198,U5,2,2026-08-02 19:08
4067898787204,U6,3,2026-08-02 19:14
4067898787242,U4,2,2026-08-02 19:02
4067898787273,U4,1,2026-08-02 19:02
4067898787334,U5,1,2026-08-02 19:04
4067898787334,U6,1,2026-08-02 19:14
4067898787341,U5,1,2026-08-02 19:07
4067898787341,U6,1,2026-08-02 19:12
4067898787358,U6,2,2026-08-02 19:13
4067898787389,U5,2,2026-08-02 19:04
4067898787396,U2,1,2026-08-02 18:29
4067898787426,Q5,1,2026-08-03 15:12
4067898787426,U5,1,2026-08-02 19:05
4067898791072,U5,1,2026-08-02 19:05
4067898791089,U5,3,2026-08-02 19:06
4067898791164,U5,1,2026-08-02 19:05
4067902260280,V3,1,2026-08-03 14:00
4067902260334,V3,1,2026-08-03 14:00
4067902260358,U1,1,2026-08-02 18:25
4067902346632,V6,1,2026-08-03 14:05
4067902476537,V1,1,2026-08-02 19:32
4067902476544,V1,1,2026-08-02 19:32
4067902476551,V2,1,2026-08-02 19:56
4067902476575,V3,1,2026-08-03 14:00
4067902476605,U6,1,2026-08-02 19:11
4067902476759,V3,1,2026-08-03 14:00
4067903235119,U5,2,2026-08-02 19:06
4067903235171,U5,1,2026-08-02 19:07
4067903235171,U6,1,2026-08-02 19:11
4067903749869,Q1,1,2026-08-03 14:43
4067903835432,R1,1,2026-08-05 11:11
4067903835487,R1,1,2026-08-05 11:11
4067903835517,R1,1,2026-08-05 11:11
4067903835616,Q4,1,2026-08-03 15:10
4067903839324,R1,1,2026-08-05 11:11
4067903839379,S5,1,2026-08-02 17:59
4067903839423,R1,1,2026-08-05 11:11
4067903839478,Q4,1,2026-08-03 15:08
4067903839478,Q5,1,2026-08-03 15:12
4067903938737,Q1,1,2026-08-03 14:43
4067903938751,Q1,1,2026-08-03 14:43
4067903938836,Q1,1,2026-08-03 14:43
4067904036449,Q5,1,2026-08-03 15:12
4067904036500,Q5,1,2026-08-03 15:12
4067904036531,T3,1,2026-08-02 18:22
4067904040187,T3,1,2026-08-02 18:22
4067904236375,V6,1,2026-08-03 14:05
4067904236450,W3,1,2026-08-03 14:10
4067904236450,W6,1,2026-08-03 14:12
4067904240143,W3,1,2026-08-03 14:09
4067904261384,X2,3,2026-08-03 14:29
4067904261407,X2,1,2026-08-03 14:29
4067904261421,X2,6,2026-08-03 14:29
4067904265030,X2,3,2026-08-03 14:28
4067904265078,X2,2,2026-08-03 14:28
4067904265085,X2,1,2026-08-03 14:28
4067904320340,R1,1,2026-08-05 11:11
4067904366836,V4,1,2026-08-03 14:04
4067904366843,V4,2,2026-08-03 14:04
4067904366850,V4,1,2026-08-03 14:04
4067904366867,V4,1,2026-08-03 14:04
4067904366881,V4,2,2026-08-03 14:04
4067904366898,V4,2,2026-08-03 14:04
4067904366928,V4,1,2026-08-03 14:04
4067904366935,V4,1,2026-08-03 14:04
4067904366959,V4,1,2026-08-03 14:04
4067904366966,V4,1,2026-08-03 14:04
4067904366973,V4,1,2026-08-03 14:04
4067904386896,S2,1,2026-08-02 17:23
4067904486374,W5,1,2026-08-05 11:36
4067906317584,R1,1,2026-08-05 11:11
4067906317645,T1,1,2026-08-02 18:13
4067906411107,S5,1,2026-08-02 17:59
4067906412418,R2,1,2026-08-05 11:09
4067907301698,R1,1,2026-08-05 11:11
4067907301728,Q6,1,2026-08-03 15:16
4067907301728,W3,1,2026-08-03 14:09
4067907301773,W6,1,2026-08-03 14:12
4067907301780,Q6,1,2026-08-03 15:16
4067907323911,X3,1,2026-08-03 14:32
4067907323942,X3,1,2026-08-03 14:33
4067907323980,X3,1,2026-08-03 14:32
4067907323997,X3,1,2026-08-03 14:32
4067907509162,S5,1,2026-08-02 18:00
4067907509193,S5,1,2026-08-02 18:00
4067907509216,S5,2,2026-08-02 17:59
4067907509261,T3,1,2026-08-02 18:21
4067907509322,S5,1,2026-08-02 17:59
4067907509346,S5,1,2026-08-02 17:59
4067907536038,V4,1,2026-08-03 14:04
4067907537974,W3,1,2026-08-03 14:09
4067907538063,W3,1,2026-08-03 14:09
4067907635182,T4,2,2026-08-05 11:20
4067907635182,T5,1,2026-08-05 11:29
4067907635267,T4,2,2026-08-05 11:20
4067907635267,T5,2,2026-08-05 11:24
4067907635281,T4,1,2026-08-05 11:20
4067907635281,T5,1,2026-08-05 11:24
40679076354067907215360,T4,1,2026-08-05 11:20
4067907655166,P1,1,2026-08-03 14:35
4067907655173,P1,1,2026-08-03 14:35
4067907655241,X1,2,2026-08-03 14:21
4067907657412,P1,1,2026-08-03 14:35
4067907657467,P1,3,2026-08-03 14:35
4067907658747,P1,1,2026-08-03 14:35
4067907659119,T3,3,2026-08-02 18:22
4067907659157,Q4,1,2026-08-03 15:08
4067907660641,Q4,1,2026-08-03 15:08
4067907660641,T2,1,2026-08-02 18:17
4067907660641,T3,1,2026-08-02 18:21
4067907660658,T3,1,2026-08-02 18:21
4067907670923,U4,1,2026-08-02 19:02
4067907716676,W3,1,2026-08-03 14:09
4067907717833,W2,1,2026-08-03 14:08
4067907717833,W5,1,2026-08-05 11:36
4067907717864,W5,1,2026-08-05 11:36
4067907717918,W5,1,2026-08-05 11:36
4067907717925,W5,2,2026-08-05 11:36
4067907717956,W5,1,2026-08-05 11:36
4067907739521,P1,1,2026-08-03 14:36
4067907758010,V4,1,2026-08-03 14:04
4067907897917,X3,2,2026-08-03 14:33
4067907897948,X3,1,2026-08-03 14:33
4067907929687,X3,2,2026-08-03 14:33
4067907931420,V4,1,2026-08-03 14:04
4067907989476,T3,1,2026-08-02 18:22
4067907992230,S2,1,2026-08-02 17:23
4068801018620,S2,1,2026-08-02 17:23
4068801044117,S5,1,2026-08-02 17:59
4068801652008,T4,1,2026-08-05 11:20
4068801652008,T5,2,2026-08-05 11:23
4068801653210,T4,1,2026-08-05 11:20
4068801653289,T5,4,2026-08-05 11:28
4068801653319,T5,1,2026-08-05 11:24
4068801653333,T5,1,2026-08-05 11:23
4068801653357,T5,4,2026-08-05 11:28
4068801653371,T5,1,2026-08-05 11:23
4068801653395,T5,1,2026-08-05 11:23
4068801790205,S2,1,2026-08-02 17:23
4068801901366,U4,1,2026-08-02 19:03
4068801901441,U1,4,2026-08-02 18:26
4068801901441,U5,1,2026-08-02 19:08
4068801901496,U1,1,2026-08-02 18:26
4068801901502,U1,2,2026-08-02 18:26
4068801901526,U1,2,2026-08-02 18:25
4068801921166,T4,3,2026-08-05 11:20
4068801921180,T4,3,2026-08-05 11:20
4068801921203,T4,1,2026-08-05 11:20
4068802830108,W2,1,2026-08-03 14:08
4068802830153,Q6,1,2026-08-03 15:16
4068802841630,W2,2,2026-08-03 14:08
4068802841654,W2,1,2026-08-03 14:08
4068802841685,P6,1,2026-08-03 14:42
4068802841685,W3,1,2026-08-03 14:09
4068802841807,W6,1,2026-08-03 14:12
4068802845591,W6,1,2026-08-03 14:12
4068802845607,W4,2,2026-08-03 14:11
4068802845638,W6,1,2026-08-03 14:12
4068802849407,W6,1,2026-08-03 14:12
4068802853220,V4,1,2026-08-03 14:04
4068802853244,V6,1,2026-08-03 14:05
4068802853244,W6,1,2026-08-03 14:12
4068802853275,W6,1,2026-08-03 14:12
4068802853374,W4,1,2026-08-03 14:11
4068802934448,X1,1,2026-08-03 14:21
4068802934462,Q6,1,2026-08-03 15:16
4068802934462,X1,1,2026-08-03 14:21
4068802934493,V6,1,2026-08-03 14:05
4068802938101,V6,1,2026-08-03 14:05
4068802938101,X1,1,2026-08-03 14:21
4068803042098,X1,1,2026-08-03 14:21
4068803042135,W4,1,2026-08-03 14:12
4068803042135,X1,1,2026-08-03 14:21
4068804334239,P6,1,2026-08-03 14:42
4068804334284,Q6,1,2026-08-03 15:17
4068804345952,U4,1,2026-08-02 19:02
4068804460716,W2,3,2026-08-03 14:08
4068804460730,W2,3,2026-08-03 14:08
4068804460822,W2,1,2026-08-03 14:08
4068804460839,W2,3,2026-08-03 14:08
4068804973940,P1,2,2026-08-03 14:36
4068804973964,P1,2,2026-08-03 14:36
4068804973971,P1,3,2026-08-03 14:36
4068804974008,P1,1,2026-08-03 14:36
4068804974015,P1,2,2026-08-03 14:36
4068804974022,P1,1,2026-08-03 14:36
4068804974039,P1,1,2026-08-03 14:36
4068804977658,P1,1,2026-08-03 14:36
4068806105004,T4,2,2026-08-05 11:19
4068806105042,T4,1,2026-08-05 11:19
4068806105059,T4,2,2026-08-05 11:19
4068806108685,T4,2,2026-08-05 11:19
4068806159571,P3,1,2026-08-03 14:39
4068806163219,P3,1,2026-08-03 14:38
4068806163219,V6,1,2026-08-03 14:05
4068806163240,V6,2,2026-08-03 14:05
4068806163257,V6,1,2026-08-03 14:05
4068806163264,W2,1,2026-08-03 14:08
4068809178395,W6,1,2026-08-03 14:12
4068809185980,W2,1,2026-08-03 14:08
4068809186055,Q2,1,2026-08-03 14:44
4068811333218,S5,1,2026-08-02 18:00
4068811574840,S5,1,2026-08-02 18:00
4068811574857,S5,4,2026-08-02 18:00
4068812009860,T2,1,2026-08-02 18:17
4068812009952,T2,2,2026-08-02 18:17
4068812013775,T1,1,2026-08-02 18:13
4068812013782,T1,1,2026-08-02 18:13
4068812013812,T1,1,2026-08-02 18:13
4068812013850,T1,2,2026-08-02 18:13
4068812013867,T1,2,2026-08-02 18:14
4068812020827,T2,1,2026-08-02 18:17
4068812020834,T2,1,2026-08-02 18:17
4068812020919,T2,3,2026-08-02 18:17
4068812020926,T2,2,2026-08-02 18:17
4068812021053,T2,1,2026-08-02 18:18
4068812024665,T1,1,2026-08-02 18:13
4068812024672,T1,1,2026-08-02 18:13
4068812024672,T2,1,2026-08-02 18:17
4068812024719,T2,1,2026-08-02 18:16
4068812167171,R4,2,2026-08-05 11:13
4068812167201,R4,1,2026-08-05 11:13
4068812167225,R4,2,2026-08-05 11:13
4068812167249,R4,2,2026-08-05 11:13
4068812179181,P5,2,2026-08-03 14:41
4068812179198,P5,2,2026-08-03 14:41
4068812179266,P5,4,2026-08-03 14:41
4068812179280,P5,3,2026-08-03 14:41
4068812179310,P5,3,2026-08-03 14:41
4068812198472,W6,1,2026-08-03 14:12
4068812198489,P5,1,2026-08-03 14:41
4068812198489,W6,1,2026-08-03 14:12
4068812208805,P4,3,2026-08-03 14:40
4068812208881,P4,1,2026-08-03 14:40
4068812212499,P4,3,2026-08-03 14:40
4068812212512,P4,2,2026-08-03 14:40
4068812212536,P4,2,2026-08-03 14:40
4068812212536,P5,1,2026-08-03 14:41
4068812234637,P3,2,2026-08-03 14:39
4068812234705,S2,1,2026-08-02 17:23
4068812238307,T1,1,2026-08-02 18:14
4068812238345,T2,3,2026-08-02 18:18
4068812238352,T2,2,2026-08-02 18:17
4068812267505,Q4,1,2026-08-03 15:10
4068812267567,S5,1,2026-08-02 18:00
4068812267574,S5,1,2026-08-02 18:00
4068812278884,S4,1,2026-08-02 17:55
4068812278884,S5,1,2026-08-02 17:59
4068812278921,S4,1,2026-08-02 17:55
4068812278945,S4,1,2026-08-02 17:55
4068812278976,S1,2,2026-08-02 17:31
4068812286490,S4,1,2026-08-02 17:55
4068812286582,S4,1,2026-08-02 17:55
4068812286643,S4,2,2026-08-02 17:55
4068812292309,Q2,2,2026-08-03 14:44
4068812292316,Q2,3,2026-08-03 14:44
4068812292378,Q2,3,2026-08-03 14:44
4068812292385,Q2,3,2026-08-03 14:44
4068812292408,Q2,2,2026-08-03 14:44
4068812293672,S5,1,2026-08-02 17:58
4068812293757,S5,1,2026-08-02 18:00
4068812295782,Q2,1,2026-08-03 14:44
4068812295782,W4,1,2026-08-03 14:11
4068812312595,S1,1,2026-08-02 17:32
4068812358234,Q2,2,2026-08-03 14:44
4068812358241,Q2,2,2026-08-03 14:44
4068812358272,Q2,2,2026-08-03 14:44
4068812358302,Q2,1,2026-08-03 14:44
4068812358364,Q2,1,2026-08-03 14:44
4068812358388,Q2,1,2026-08-03 14:44
4068812358395,Q2,3,2026-08-03 14:44
4068812358401,Q2,3,2026-08-03 14:44
4068812358418,Q2,1,2026-08-03 14:44
4068812623912,S1,2,2026-08-02 17:31
4068812623950,S1,1,2026-08-02 17:31
4068812623998,S1,1,2026-08-02 17:31
4068812624018,S5,1,2026-08-02 17:59
4068812626722,S1,1,2026-08-02 17:31
4068812626739,S1,2,2026-08-02 17:32
4068812683664,T1,3,2026-08-02 18:13
4068812687242,T1,2,2026-08-02 18:13
4068812687266,T1,3,2026-08-02 18:13
4068812687273,T1,2,2026-08-02 18:13
4068812687303,T1,1,2026-08-02 18:13
4068812687327,T1,2,2026-08-02 18:11
4068812687365,T1,3,2026-08-02 18:13
4068812687389,T1,1,2026-08-02 18:11
4068812871955,U2,1,2026-08-02 18:29
4068812871979,U2,3,2026-08-02 18:29
4068812872006,U2,2,2026-08-02 18:29
4068812875649,U2,1,2026-08-02 18:29
4068812875700,U2,1,2026-08-02 18:29
4068812875724,U2,3,2026-08-02 18:29
4068812895401,S5,3,2026-08-02 17:59
4068812895432,S5,1,2026-08-02 17:59
4068812917257,Q4,1,2026-08-03 15:08
4068812917264,Q4,2,2026-08-03 15:09
4068812917288,Q4,2,2026-08-03 15:09
4068812917295,Q4,2,2026-08-03 15:08
4068812917349,Q4,3,2026-08-03 15:09
4068812920974,Q4,2,2026-08-03 15:09
4068812921001,Q5,1,2026-08-03 15:12
4068812921520,W2,2,2026-08-03 14:08
4068812921537,W2,2,2026-08-03 14:08
4068812921544,W2,3,2026-08-03 14:08
4068812921575,W2,3,2026-08-03 14:08
4068812921582,P5,1,2026-08-03 14:41
4068812921605,W2,2,2026-08-03 14:08
4068812928628,S5,1,2026-08-02 18:00
4068812932250,S5,1,2026-08-02 17:59
4068812932267,S5,1,2026-08-02 17:58
4068812932274,S5,1,2026-08-02 17:59
4068812932823,Q4,1,2026-08-03 15:08
4068812932892,Q4,1,2026-08-03 15:08
4068812932946,Q4,1,2026-08-03 15:08
4068812936579,Q4,1,2026-08-03 15:08
4068812944048,Q4,2,2026-08-03 15:08
4068812944055,Q4,2,2026-08-03 15:08
4068812944055,Q5,1,2026-08-03 15:11
4068812944079,Q4,1,2026-08-03 15:08
4068812944086,Q4,1,2026-08-03 15:08
4068812944093,Q4,3,2026-08-03 15:08
4068812944109,Q4,1,2026-08-03 15:08
4068812944123,Q4,1,2026-08-03 15:09
4068812944154,Q4,2,2026-08-03 15:09
4068812944161,Q4,2,2026-08-03 15:08
4068812951794,Q4,1,2026-08-03 15:09
4068812951831,Q4,3,2026-08-03 15:09
4068812951862,Q4,1,2026-08-03 15:08
4068812951879,Q4,2,2026-08-03 15:09
4068812951893,Q4,1,2026-08-03 15:08
4068812954153,Q1,1,2026-08-03 14:43
4068812954160,P5,1,2026-08-03 14:41
4068812954160,Q1,1,2026-08-03 14:43
4068812954177,Q1,1,2026-08-03 14:43
4068812954269,P5,2,2026-08-03 14:41
4068812954269,Q1,1,2026-08-03 14:43
4068812954283,Q1,1,2026-08-03 14:43
4068812954283,Q2,1,2026-08-03 14:44
4068812991257,S5,1,2026-08-02 17:58
4068812991288,S5,1,2026-08-02 17:58
4068812994906,S5,1,2026-08-02 17:59
4068812994913,S5,3,2026-08-02 18:00
4068812994982,S5,3,2026-08-02 17:59
4068812995019,S5,3,2026-08-02 17:59
4068815447898,P6,1,2026-08-03 14:42
4068815447904,P6,1,2026-08-03 14:42
4068815447904,W3,1,2026-08-03 14:09
4068815447966,P6,1,2026-08-03 14:42
4068815448017,P6,3,2026-08-03 14:42
4068815448024,P6,2,2026-08-03 14:42
4068815448048,P6,1,2026-08-03 14:42
4068815459501,P6,1,2026-08-03 14:42
4068815459518,P6,2,2026-08-03 14:42
4068815459525,P6,1,2026-08-03 14:42
4068815459556,W3,1,2026-08-03 14:09
4068815459563,W6,1,2026-08-03 14:12
4068815459587,P6,2,2026-08-03 14:42
4068815459587,W3,1,2026-08-03 14:09
4068815604604,P4,3,2026-08-03 14:39
4068815604642,Q2,1,2026-08-03 14:44
4068815605137,P4,2,2026-08-03 14:39
4068815605137,W2,1,2026-08-03 14:08
4068815605168,P4,1,2026-08-03 14:39
4068815605168,W2,1,2026-08-03 14:08
4068815605175,P4,2,2026-08-03 14:40
4068815605199,P4,1,2026-08-03 14:39
4068815607803,P5,1,2026-08-03 14:41
4068815607810,P5,1,2026-08-03 14:41
4068815607841,P5,3,2026-08-03 14:41
4068815607858,P5,3,2026-08-03 14:41
4068815607865,P5,3,2026-08-03 14:41
4068816881738,R1,2,2026-08-05 11:11
4068816881790,R1,2,2026-08-05 11:11
4068816881806,R1,3,2026-08-05 11:11
4068816881813,R1,2,2026-08-05 11:11
4068816881820,R1,1,2026-08-05 11:11
4068816881844,P5,1,2026-08-03 14:41
4068816976748,P4,3,2026-08-03 14:40
4068816976847,P4,1,2026-08-03 14:40
4068816976878,P4,1,2026-08-03 14:40
4068817658889,T2,4,2026-08-02 18:18
4068817658896,T2,1,2026-08-02 18:18
4068817659398,T2,2,2026-08-02 18:17
4068817659411,T2,2,2026-08-02 18:18
4068817659473,T2,3,2026-08-02 18:18
4068817659497,T2,1,2026-08-02 18:17
4068817659534,T2,1,2026-08-02 18:17
4068818059937,T3,2,2026-08-02 18:22
4068818059944,T3,1,2026-08-02 18:22
4068818059951,T3,1,2026-08-02 18:21
4068818059968,T3,2,2026-08-02 18:23
4068818059975,T3,2,2026-08-02 18:22
4068818059999,T3,1,2026-08-02 18:22
4068818063613,T3,1,2026-08-02 18:22
4068818063637,T3,2,2026-08-02 18:22
4068818063668,T3,1,2026-08-02 18:23
4068818063699,T3,1,2026-08-02 18:23
4068818097021,T3,1,2026-08-02 18:22
4068818097038,T3,2,2026-08-02 18:22
4068818097083,T3,2,2026-08-02 18:23
4068818097106,T3,1,2026-08-02 18:23
4068818097144,T3,1,2026-08-02 18:23
4068818097151,T3,2,2026-08-02 18:22
4068818097199,T3,1,2026-08-02 18:23
4068818100806,T3,2,2026-08-02 18:23
4068818104538,S1,2,2026-08-02 17:32
4068818104545,S1,3,2026-08-02 17:32
4068818104576,S1,1,2026-08-02 17:32
4068818104590,S1,2,2026-08-02 17:32
4068818104613,S1,2,2026-08-02 17:32
4068818104613,S2,1,2026-08-02 17:23
4068818108246,S1,2,2026-08-02 17:32
4068818108246,S2,2,2026-08-02 17:23
4068818108253,S1,4,2026-08-02 17:32
4068818108291,S2,1,2026-08-02 17:23
4068818108307,S1,2,2026-08-02 17:32
4068818127636,T2,1,2026-08-02 18:18
4068818127667,T2,1,2026-08-02 18:18
4068818131282,T2,1,2026-08-02 18:17
4068818131299,T2,1,2026-08-02 18:18
4068818131329,T2,1,2026-08-02 18:18
4068818131367,T2,4,2026-08-02 18:18
4068818204764,S1,1,2026-08-02 17:32
4068818204771,S1,1,2026-08-02 17:31
4068818204795,S1,1,2026-08-02 17:31
4068818204801,S1,2,2026-08-02 17:32
4068818204849,S1,2,2026-08-02 17:32
4068818204900,S1,1,2026-08-02 17:32
4068818204955,S1,1,2026-08-02 17:32
4068818204962,T3,1,2026-08-02 18:22
4068818205709,T3,1,2026-08-02 18:23
4068818205723,T3,2,2026-08-02 18:22
4068818205730,T3,1,2026-08-02 18:22
4068818205747,T3,1,2026-08-02 18:22
4068818205754,T3,1,2026-08-02 18:22
4068818205792,T3,2,2026-08-02 18:22
4068818205815,T3,2,2026-08-02 18:23
4068818205822,T3,1,2026-08-02 18:22
4068818205846,T3,1,2026-08-02 18:23
4068818420713,P2,2,2026-08-03 14:38
4068818420768,P1,2,2026-08-03 14:36
4068818420799,P2,2,2026-08-03 14:38
4068818420829,P2,1,2026-08-03 14:38
4068818420867,P2,1,2026-08-03 14:38
4068818420874,P1,1,2026-08-03 14:36
4068818420881,P2,1,2026-08-03 14:38
4069987065415,Q1,2,2026-08-03 14:43
4069987065446,Q1,2,2026-08-03 14:43
4069987065477,Q1,2,2026-08-03 14:43
4069987065491,Q1,1,2026-08-03 14:43
4069987065514,Q1,1,2026-08-03 14:43
4069987069130,Q1,1,2026-08-03 14:43
4069987069185,Q1,1,2026-08-03 14:43
4069987113758,P4,1,2026-08-03 14:39
4069987135958,R2,2,2026-08-05 11:09
4069987135965,R2,1,2026-08-05 11:09
4069987135972,R2,1,2026-08-05 11:09
4069987135989,R2,2,2026-08-05 11:09
4069987135996,R2,1,2026-08-05 11:09
4069987136009,R2,1,2026-08-05 11:09
4069987136061,R2,2,2026-08-05 11:09
4069987136078,R2,1,2026-08-05 11:09
4069987139680,R2,2,2026-08-05 11:10
4069987139710,R2,1,2026-08-05 11:09
4069987143755,R2,1,2026-08-05 11:10
4069987147364,R2,2,2026-08-05 11:10
4069987147371,R2,1,2026-08-05 11:10
4069987147401,R2,2,2026-08-05 11:10
4069987147418,R2,2,2026-08-05 11:10
4069987147494,R2,1,2026-08-05 11:10
4069987147524,R2,1,2026-08-05 11:10
4069987147531,R2,1,2026-08-05 11:10
4069987232343,Q5,1,2026-08-03 15:11
4069987232350,Q5,1,2026-08-03 15:11
4069987232411,Q5,1,2026-08-03 15:13
4069987232442,Q5,2,2026-08-03 15:13
4069987522895,P2,2,2026-08-03 14:38
4069987522901,P2,2,2026-08-03 14:38
4069987522918,P2,1,2026-08-03 14:38
4069987522932,P2,1,2026-08-03 14:38
4069987526589,P2,2,2026-08-03 14:38
4069987526602,P2,1,2026-08-03 14:38
4069987709227,P2,1,2026-08-03 14:38
4069987709777,P2,2,2026-08-03 14:38
4069987709791,P2,3,2026-08-03 14:38
4069987709807,P2,2,2026-08-03 14:38
4069987709807,P5,1,2026-08-03 14:41
4069987709814,P5,2,2026-08-03 14:41
4069987765490,P4,1,2026-08-03 14:39
4069987765490,W2,1,2026-08-03 14:08
4069987765513,P4,3,2026-08-03 14:39
4069987765551,P4,4,2026-08-03 14:39
4069987765568,P4,2,2026-08-03 14:39
4069987765568,W2,1,2026-08-03 14:08
4069987765605,P4,2,2026-08-03 14:39
4069987803031,Q5,4,2026-08-03 15:13
4069987803055,Q5,1,2026-08-03 15:12
4069987803062,Q5,3,2026-08-03 15:13
4069987803093,Q5,2,2026-08-03 15:13
4069987803116,Q5,3,2026-08-03 15:12
4069987803123,Q5,1,2026-08-03 15:13
4069987803154,Q5,3,2026-08-03 15:13
4069987804144,Q5,2,2026-08-03 15:12
4069987804151,Q5,1,2026-08-03 15:13
4069987804182,Q5,3,2026-08-03 15:13
4069987840036,Q5,1,2026-08-03 15:13
4069987840043,Q5,2,2026-08-03 15:11
4069987840067,Q5,1,2026-08-03 15:13
4069987840081,Q5,1,2026-08-03 15:11
4069987840104,Q5,4,2026-08-03 15:13
4069987841804,Q5,4,2026-08-03 15:12
4069987841811,Q5,3,2026-08-03 15:13
4069987841835,Q5,4,2026-08-03 15:11
4069987841842,Q4,1,2026-08-03 15:08
4069987841842,Q5,2,2026-08-03 15:13
4069987871450,R2,1,2026-08-05 11:10
4069987871467,R2,1,2026-08-05 11:10
4069987871481,R2,2,2026-08-05 11:10
4069987871504,R2,2,2026-08-05 11:10
4069987871528,R2,1,2026-08-05 11:10
4069987871542,R2,1,2026-08-05 11:10
4069987871566,R2,2,2026-08-05 11:10
4069987872105,R2,1,2026-08-05 11:10
4893980584600,T5,1,2026-08-05 11:30
5063719447950,T5,1,2026-08-05 11:24
4069987147487,S5,1,2026-08-06 22:29
